order_id,region,product,customer_age,units,unit_price,revenue,churned
1,East,Widget,21,4,12.79,51.2,0
2,West,Widget,48,10,40.13,400.19,0
3,South,Gadget,59,8,36.37,289.55,0
4,North,Gizmo,36,2,13.66,30.1,1
5,North,Gadget,29,4,15.8,63.99,0
6,South,Widget,45,10,34.12,347.96,0
7,South,Gadget,29,3,12.02,31.06,1
8,East,Doohickey,41,6,39.32,239.51,0
9,North,Gizmo,32,4,15.38,63.58,1
10,East,Doohickey,22,3,12.92,26.62,1
11,East,Doohickey,58,5,36.93,178.65,0
12,North,Doohickey,49,11,26.23,296.26,0
13,South,Widget,48,13,31.6,415.79,0
14,West,Gadget,49,9,34.89,304.91,0
15,South,Doohickey,55,7,41.47,290.11,0
16,West,Doohickey,43,11,30.41,327.98,0
17,East,Widget,51,7,33.17,238.32,0
18,East,Widget,33,4,13.13,57.92,0
19,West,Widget,50,7,38.09,251.92,0
20,East,Gizmo,28,3,13.3,42.14,1
21,South,Gadget,46,11,31.01,338.25,0
22,North,Gadget,32,3,13.08,39.29,1
23,East,Gadget,26,4,9.25,46.25,0
24,South,Widget,56,6,38.77,234.04,0
25,North,Widget,49,8,38.67,304.11,0
26,West,Gizmo,45,9,39.58,357.92,1
27,West,Gadget,26,2,15.11,38.95,1
28,West,Gizmo,44,9,32.68,293.68,0
29,East,Doohickey,48,9,50.55,450.09,0
30,East,Gizmo,31,1,13.99,14.2,0
31,South,Doohickey,28,1,17.96,3.75,0
32,North,Widget,28,3,17.81,53.93,1
33,West,Doohickey,28,3,15.72,43.7,0
34,West,Gadget,51,10,34.86,344.74,0
35,East,Doohickey,52,14,41.1,569.22,0
36,East,Widget,26,3,12.01,26.76,0
37,North,Gadget,41,10,29.0,296.53,0
38,North,Gizmo,60,11,36.94,399.13,0
39,West,Gadget,34,3,16.09,51.3,0
40,South,Gadget,46,10,30.64,315.46,0
41,West,Gadget,23,4,16.43,44.9,1
42,North,Gadget,44,9,31.76,281.17,0
43,South,Gizmo,37,5,31.92,168.29,0
44,South,Gadget,34,2,18.46,37.01,0
45,North,Widget,30,3,14.25,44.38,1
46,North,Gadget,45,7,32.01,233.87,1
47,North,Widget,29,4,17.37,64.0,1
48,East,Gizmo,39,9,28.17,256.91,1
49,South,Gadget,45,11,33.58,366.31,0
50,West,Gizmo,55,12,32.24,384.72,0
51,West,Gizmo,44,10,34.52,326.38,0
52,South,Gadget,25,1,17.93,10.01,1
53,East,Gizmo,23,2,12.67,16.07,0
54,East,Gizmo,33,3,8.9,28.64,1
55,West,Doohickey,32,3,12.52,48.32,0
56,North,Doohickey,27,4,14.84,62.72,1
57,North,Doohickey,48,7,32.63,228.28,1
58,West,Gizmo,30,4,17.77,81.44,0
59,North,Doohickey,56,9,46.42,430.22,0
60,North,Widget,44,9,42.75,378.02,0
61,West,Gizmo,45,12,32.37,391.26,1
62,South,Gizmo,58,8,30.49,241.51,0
63,North,Doohickey,26,3,19.57,55.6,1
64,North,Doohickey,45,10,34.59,347.68,0
65,West,Gizmo,31,2,13.44,31.66,1
66,North,Doohickey,25,3,10.61,49.48,1
67,South,Gizmo,54,9,31.35,290.98,0
68,South,Gadget,31,4,19.05,72.33,1
69,West,Doohickey,20,3,9.8,26.86,0
70,North,Widget,24,2,16.53,33.8,0
71,East,Gizmo,45,8,33.96,278.91,0
72,West,Widget,20,3,11.07,31.12,0
73,South,Gizmo,21,5,17.43,92.09,1
74,North,Gadget,27,2,15.17,37.76,0
75,South,Gizmo,50,12,28.92,363.25,0
76,East,Doohickey,30,5,19.58,101.33,1
77,West,Doohickey,34,5,13.03,66.49,0
78,North,Gadget,28,2,14.65,25.41,0
79,West,Doohickey,48,8,34.01,269.83,0
80,North,Widget,46,9,32.94,306.32,1
81,South,Gizmo,59,9,24.36,221.71,0
82,North,Doohickey,31,1,15.87,16.79,1
83,North,Gadget,31,3,14.17,25.59,1
84,North,Gadget,46,10,43.44,420.25,0
85,West,Gizmo,47,12,41.02,490.89,0
86,West,Widget,44,10,36.41,368.32,0
87,West,Gadget,28,4,18.96,83.29,0
88,East,Gadget,33,3,15.42,55.98,1
89,East,Gizmo,57,10,42.45,424.9,0
90,North,Widget,45,11,32.08,348.44,1
91,South,Gadget,26,5,13.86,61.62,1
92,West,Gizmo,44,10,33.9,344.53,0
93,West,Doohickey,49,13,33.42,436.9,1
94,North,Gadget,27,2,13.96,18.02,0
95,South,Doohickey,43,9,38.75,343.11,1
96,East,Doohickey,30,2,17.21,41.22,0
97,West,Gadget,33,4,6.78,29.07,0
98,South,Gadget,41,9,36.54,339.59,0
99,North,Gizmo,35,11,40.4,440.09,0
100,West,Gizmo,31,3,17.94,53.94,0
101,West,Widget,47,6,30.32,190.64,0
102,North,Gadget,30,4,10.36,34.8,0
103,West,Gadget,45,13,30.23,374.81,0
104,East,Doohickey,25,4,11.96,46.73,0
105,East,Widget,43,8,32.5,258.3,0
106,North,Gadget,48,9,30.37,267.02,0
107,North,Gizmo,61,5,35.35,174.26,0
108,East,Widget,46,9,35.64,325.57,0
109,South,Widget,23,4,10.95,40.09,0
110,North,Doohickey,50,8,39.24,326.07,0
111,North,Gizmo,32,3,11.33,30.42,1
112,South,Doohickey,44,6,37.44,219.87,1
113,West,Widget,47,9,28.9,254.05,0
114,South,Widget,24,4,8.46,35.74,0
115,South,Doohickey,42,11,45.76,502.37,0
116,West,Gizmo,51,8,51.27,409.59,1
117,West,Gizmo,32,3,18.53,54.48,0
118,West,Gizmo,31,4,11.58,48.48,0
119,West,Gizmo,32,4,14.16,38.48,1
120,South,Gadget,28,2,9.85,15.69,0
121,North,Doohickey,35,3,16.66,57.04,1
122,South,Gizmo,50,7,35.66,243.8,1
123,South,Widget,56,7,40.69,273.34,0
124,West,Gadget,29,2,16.71,22.04,0
125,West,Widget,54,11,32.86,353.17,0
126,South,Doohickey,48,8,33.31,270.97,1
127,East,Gizmo,29,5,16.75,72.71,0
128,North,Gizmo,45,6,32.17,191.48,0
129,North,Widget,48,11,36.69,404.58,0
130,North,Doohickey,46,7,22.93,156.34,0
131,North,Gizmo,49,10,30.78,303.36,1
132,East,Gizmo,38,8,28.18,218.73,1
133,South,Doohickey,24,4,11.13,56.84,0
134,East,Gizmo,55,10,33.56,333.54,0
135,South,Gadget,56,10,31.59,320.0,0
136,South,Doohickey,27,4,18.46,79.09,0
137,South,Gizmo,45,9,43.47,393.32,0
138,South,Gizmo,29,3,18.78,65.16,0
139,North,Widget,24,2,16.72,31.04,0
140,East,Gizmo,25,5,,67.19,1
141,South,Doohickey,52,6,39.27,231.9,0
142,West,Gizmo,27,3,15.06,39.43,0
143,South,Widget,25,3,17.59,57.4,1
144,West,Doohickey,26,2,15.86,46.9,0
145,South,Doohickey,44,8,35.42,296.47,1
146,North,Doohickey,51,11,27.21,296.38,0
147,West,Gizmo,29,2,10.42,19.73,0
148,West,Widget,38,3,18.37,54.94,1
149,West,Gizmo,56,10,27.45,273.41,0
150,South,Doohickey,30,3,17.59,40.22,1
151,East,Widget,60,10,36.55,369.88,0
152,West,Widget,33,2,18.46,31.55,1
153,West,Doohickey,48,11,26.43,279.88,1
154,East,Gizmo,32,3,20.47,65.18,1
155,East,Widget,35,4,15.04,74.58,0
156,North,Widget,44,12,32.28,391.76,0
157,North,Widget,30,2,16.29,38.64,0
158,East,Gizmo,46,10,35.56,358.56,0
159,East,Gizmo,41,8,36.71,292.04,0
160,North,Gizmo,52,8,40.92,341.7,0
161,South,Gizmo,41,9,41.9,371.15,0
162,West,Gadget,58,6,33.26,200.01,0
163,South,Gizmo,32,4,14.28,52.68,0
164,North,Widget,30,2,15.16,22.07,1
165,East,Gizmo,27,3,10.27,45.58,1
166,West,Gadget,46,8,31.14,228.11,0
167,West,Gizmo,26,3,21.33,59.83,1
168,North,Gizmo,29,2,8.25,21.84,0
169,West,Doohickey,25,2,11.51,29.04,1
170,West,Gizmo,32,4,14.89,72.88,1
171,East,Widget,30,2,18.3,43.25,0
172,West,Gizmo,33,3,14.11,43.03,1
173,South,Gadget,36,5,45.6,241.47,0
174,West,Gizmo,42,11,38.58,418.54,0
175,West,Doohickey,45,11,32.32,339.42,1
176,East,Gizmo,29,2,16.54,39.97,1
177,West,Doohickey,52,11,44.32,483.81,1
178,East,Gadget,31,3,11.08,20.83,1
179,East,Doohickey,48,8,30.49,236.35,0
180,South,Gadget,57,9,36.14,332.2,0
181,West,Doohickey,37,11,29.85,322.85,0
182,West,Gizmo,26,3,12.64,38.23,1
183,East,Gizmo,35,4,15.99,62.03,1
184,East,Widget,47,9,33.14,296.12,0
185,South,Doohickey,29,2,11.44,27.87,0
186,East,Gadget,27,4,10.98,35.5,1
187,South,Gadget,20,3,11.54,23.01,0
188,South,Widget,31,2,17.1,36.56,0
189,East,Doohickey,20,3,15.52,43.79,0
190,North,Doohickey,27,3,14.89,40.81,0
191,South,Gadget,40,8,48.84,400.22,0
192,South,Gadget,36,10,49.74,497.21,0
193,West,Gizmo,49,9,39.17,355.56,1
194,South,Gadget,31,2,12.22,28.32,1
195,South,Widget,41,9,,271.48,0
196,South,Doohickey,26,3,17.09,46.55,1
197,East,Widget,33,4,13.92,58.23,0
198,East,Widget,23,4,19.79,76.71,0
199,East,Doohickey,26,2,11.47,9.04,0
200,East,Gizmo,50,6,39.09,237.62,0
201,West,Gadget,23,1,23.24,16.1,1
202,West,Gizmo,46,8,26.74,210.86,0
203,West,Doohickey,27,3,10.67,24.74,0
204,East,Widget,40,10,29.97,303.31,1
205,West,Gadget,31,2,15.85,48.02,1
206,West,Gizmo,27,4,14.16,48.13,0
207,South,Widget,47,10,,325.45,0
208,West,Gadget,52,7,33.8,244.93,0
209,South,Gadget,31,1,14.44,18.53,0
210,South,Gizmo,50,10,31.89,325.67,1
211,North,Doohickey,23,1,11.9,8.59,1
212,South,Gadget,56,10,40.21,397.92,0
213,North,Doohickey,50,7,34.43,225.64,0
214,North,Doohickey,29,3,17.39,41.72,1
215,South,Gizmo,47,9,35.74,323.47,0
216,West,Gadget,27,2,11.5,3.16,0
217,East,Gadget,34,5,9.26,55.5,0
218,West,Doohickey,28,3,15.18,29.57,1
219,South,Widget,27,6,14.92,96.54,0
220,South,Widget,42,10,30.84,298.87,0
221,South,Widget,26,2,15.79,36.15,0
222,West,Doohickey,25,3,9.48,35.59,0
223,South,Gizmo,44,9,36.08,326.14,0
224,West,Gadget,35,2,12.39,27.48,0
225,South,Widget,52,6,42.87,257.35,0
226,South,Gizmo,27,3,12.32,31.84,1
227,South,Gadget,47,9,34.97,313.5,0
228,North,Gizmo,46,8,36.41,290.35,0
229,South,Doohickey,54,12,32.1,404.62,0
230,North,Widget,33,2,10.33,20.19,0
231,East,Widget,37,2,14.81,34.35,0
232,East,Gizmo,48,11,39.14,428.63,0
233,East,Widget,30,3,18.71,68.66,1
234,East,Gadget,48,8,41.91,333.69,0
235,North,Gadget,25,5,15.73,63.79,0
236,South,Widget,50,9,32.3,282.22,1
237,West,Widget,45,12,35.73,431.88,0
238,East,Gizmo,33,4,13.25,48.68,1
239,South,Widget,25,1,13.09,1.54,0
240,East,Gadget,45,7,33.73,234.78,1
241,West,Widget,29,5,17.37,82.16,1
242,South,Widget,50,8,33.61,266.87,0
243,South,Gadget,25,1,18.04,25.62,1
244,South,Gizmo,46,11,36.43,404.74,0
245,South,Gadget,42,9,37.68,344.97,1
246,South,Doohickey,33,2,13.0,27.18,1
247,East,Gadget,52,10,43.51,423.78,1
248,West,Widget,28,3,14.57,33.26,1
249,North,Widget,46,10,39.43,392.92,0
250,North,Doohickey,28,2,11.18,10.6,1
251,West,Widget,32,4,12.06,48.55,1
252,West,Gadget,36,3,14.12,40.61,0
253,North,Gizmo,31,2,17.41,24.33,0
254,North,Gizmo,24,3,14.58,42.05,0
255,West,Gadget,48,11,39.72,438.19,0
256,South,Gadget,27,1,15.38,10.64,0
257,East,Gizmo,49,7,27.21,187.12,1
258,North,Doohickey,30,4,17.6,79.75,1
259,North,Gizmo,37,3,14.73,45.7,0
260,South,Gizmo,39,9,26.6,230.8,0
261,South,Gizmo,49,8,34.07,257.73,0
262,East,Widget,23,2,16.59,52.96,1
263,North,Gizmo,33,2,14.58,37.2,0
264,South,Doohickey,57,7,25.84,187.16,0
265,North,Gadget,53,6,,201.29,0
266,North,Gizmo,42,10,41.7,397.07,0
267,South,Gadget,24,3,16.0,50.96,1
268,South,Gizmo,26,3,17.43,46.15,1
269,West,Gadget,50,11,47.33,514.46,0
270,West,Gadget,49,14,40.88,570.5,0
271,North,Widget,26,2,11.86,32.9,0
272,East,Gizmo,25,6,14.16,96.26,0
273,South,Gizmo,25,5,17.32,89.74,0
274,West,Gadget,51,6,37.85,235.63,0
275,South,Gizmo,26,2,16.81,35.62,0
276,West,Gizmo,24,2,7.75,20.74,0
277,North,Doohickey,30,2,17.92,37.57,0
278,West,Gadget,52,9,36.39,328.74,0
279,East,Doohickey,33,4,18.45,59.87,1
280,West,Gadget,36,5,17.81,103.38,0
281,West,Gizmo,31,3,10.8,25.99,0
282,East,Doohickey,30,2,10.28,24.0,0
283,North,Gadget,50,3,22.27,61.65,1
284,South,Widget,30,3,13.69,40.34,0
285,North,Doohickey,28,2,14.24,16.42,0
286,East,Widget,59,11,35.23,384.9,0
287,East,Gadget,24,3,10.68,29.76,0
288,South,Doohickey,35,6,40.68,253.59,1
289,North,Widget,50,5,37.64,197.57,0
290,South,Gadget,34,3,15.68,46.62,0
291,North,Widget,47,8,31.58,244.71,0
292,South,Widget,25,1,16.77,22.69,0
293,East,Widget,51,10,24.98,248.82,0
294,North,Doohickey,18,2,13.73,42.39,0
295,South,Gadget,48,8,45.36,364.64,0
296,West,Widget,51,11,43.75,483.56,1
297,East,Gizmo,47,10,33.69,331.38,0
298,West,Gizmo,30,1,17.48,13.18,1
299,North,Widget,32,2,17.6,31.62,1
300,South,Gadget,27,5,17.14,77.25,1
301,East,Doohickey,19,3,21.61,77.84,0
302,East,Widget,49,12,42.25,505.57,1
303,West,Doohickey,27,3,16.99,34.47,0
304,South,Gadget,44,7,31.93,211.33,1
305,East,Gadget,54,5,34.83,172.02,0
306,West,Gizmo,24,2,13.44,30.06,1
307,East,Gadget,31,2,16.17,31.13,0
308,South,Doohickey,42,6,30.51,186.72,1
309,South,Gadget,36,3,15.86,45.5,1
310,North,Widget,27,2,11.55,28.81,1
311,East,Gadget,50,6,30.55,180.63,0
312,South,Gizmo,63,11,38.01,416.02,1
313,East,Gadget,22,1,17.02,26.62,1
314,South,Doohickey,27,4,14.2,59.6,0
315,West,Doohickey,31,4,16.48,72.19,1
316,North,Doohickey,43,9,30.45,280.61,0
317,South,Gizmo,44,9,37.5,341.69,0
318,South,Gizmo,49,10,35.58,356.64,0
319,East,Gizmo,45,7,32.64,218.08,0
320,North,Widget,56,11,29.8,315.26,0
321,West,Gadget,31,3,14.6,50.39,0
322,West,Gizmo,27,3,18.17,59.19,0
323,East,Widget,46,9,39.76,358.65,0
324,North,Doohickey,53,11,34.78,379.5,0
325,West,Widget,54,10,35.51,355.37,0
326,North,Gizmo,34,1,15.97,10.3,1
327,North,Doohickey,28,2,17.1,27.1,0
328,West,Gizmo,28,3,10.26,28.27,0
329,East,Gadget,30,4,17.51,71.3,0
330,South,Gadget,64,9,29.99,270.84,0
331,South,Widget,47,11,29.91,338.27,1
332,North,Gizmo,28,4,11.62,47.47,1
333,West,Doohickey,24,3,20.35,62.42,1
334,East,Gizmo,53,11,40.02,425.31,1
335,West,Gizmo,36,3,18.65,58.5,1
336,East,Gizmo,54,11,22.58,243.47,1
337,North,Gadget,50,9,40.56,352.72,0
338,South,Gizmo,34,4,13.83,41.24,1
339,East,Gizmo,25,3,15.09,52.45,0
340,North,Gadget,44,10,25.25,260.48,1
341,West,Widget,51,6,35.25,216.26,0
342,West,Gizmo,36,2,11.24,15.29,0
343,East,Doohickey,42,9,30.62,271.08,0
344,West,Widget,50,10,38.35,381.81,0
345,South,Gizmo,44,13,32.94,430.52,0
346,South,Gadget,27,4,17.98,76.73,1
347,West,Doohickey,48,5,31.78,173.48,1
348,West,Gadget,36,9,38.9,350.48,0
349,West,Doohickey,24,4,17.26,86.07,0
350,South,Widget,30,4,15.96,64.5,0
351,East,Gizmo,47,8,28.16,221.33,1
352,North,Gadget,29,3,12.84,38.68,0
353,North,Gadget,33,3,14.78,34.85,0
354,South,Gizmo,30,2,18.05,17.61,1
355,East,Gadget,46,10,38.41,372.29,1
356,North,Widget,46,7,32.86,238.26,0
357,East,Gizmo,22,2,,39.9,1
358,South,Doohickey,52,14,45.33,621.74,0
359,West,Gadget,26,4,13.23,57.63,0
360,East,Doohickey,51,9,31.66,280.5,0
361,West,Gizmo,46,7,44.14,306.77,0
362,South,Gadget,56,9,43.28,388.0,0
363,East,Widget,28,3,12.28,35.97,0
364,North,Doohickey,41,11,32.24,346.9,0
365,West,Gizmo,34,3,18.28,51.27,0
366,South,Gizmo,51,12,43.36,507.38,0
367,West,Gizmo,30,3,10.71,36.81,1
368,West,Gizmo,28,3,11.9,33.44,0
369,South,Gizmo,30,1,15.13,23.78,0
370,West,Gizmo,43,12,31.08,389.08,0
371,North,Widget,32,2,20.34,62.38,1
372,West,Doohickey,51,4,33.03,126.22,1
373,North,Doohickey,32,2,9.25,19.3,0
374,East,Doohickey,29,3,18.02,58.1,0
375,East,Doohickey,41,5,36.08,188.15,0
376,East,Gizmo,39,3,15.63,43.07,0
377,East,Doohickey,45,10,43.92,441.39,0
378,West,Widget,50,7,30.46,203.91,0
379,North,Gizmo,29,3,16.69,51.72,0
380,South,Gizmo,28,3,13.17,37.9,0
381,South,Doohickey,29,3,12.68,30.81,0
382,South,Doohickey,45,10,47.5,476.68,0
383,West,Gizmo,62,6,26.31,153.44,0
384,North,Doohickey,29,5,10.84,55.4,1
385,West,Doohickey,39,2,9.74,30.74,0
386,North,Widget,32,4,12.53,30.01,1
387,North,Doohickey,30,4,8.49,40.47,0
388,South,Widget,47,8,32.09,266.68,0
389,North,Gadget,39,7,51.03,369.55,0
390,South,Doohickey,24,2,16.52,26.95,0
391,North,Gizmo,47,9,36.84,321.97,0
392,North,Gizmo,20,3,15.01,48.14,0
393,West,Doohickey,30,4,12.77,51.35,1
394,West,Widget,48,10,44.08,442.15,0
395,West,Gizmo,47,9,32.67,316.2,1
396,West,Doohickey,42,10,33.25,339.18,0
397,South,Gizmo,25,3,14.18,24.94,1
398,South,Doohickey,27,3,12.92,39.86,1
399,East,Gizmo,28,2,,27.34,1
400,North,Gadget,34,3,19.13,45.01,1
401,West,Gizmo,41,8,41.75,330.8,0
402,West,Doohickey,49,8,45.87,372.74,0
403,North,Gadget,31,2,13.28,34.02,0
404,North,Widget,55,6,36.11,224.49,0
405,West,Gizmo,30,4,13.39,67.62,0
406,West,Doohickey,46,7,29.94,205.03,0
407,East,Gadget,26,3,,63.17,0
408,West,Gizmo,35,4,12.75,50.88,0
409,West,Gizmo,41,9,45.3,410.27,0
410,West,Doohickey,27,2,16.59,30.29,1
411,South,Widget,33,4,19.1,89.61,0
412,South,Widget,25,3,13.13,44.46,0
413,West,Widget,29,4,14.82,60.71,0
414,East,Gadget,25,3,10.1,30.47,0
415,South,Doohickey,38,3,13.17,37.7,0
416,West,Gadget,44,10,33.78,344.33,0
417,West,Gadget,52,5,41.25,201.39,0
418,East,Gizmo,30,1,13.55,17.14,1
419,East,Widget,28,3,12.05,48.71,0
420,West,Widget,42,10,37.25,377.18,0
421,West,Widget,39,12,24.92,304.72,0
422,West,Gizmo,56,8,31.57,251.53,0
423,South,Gadget,40,8,39.23,311.08,0
424,East,Widget,57,10,39.99,399.97,1
425,East,Gadget,28,3,15.32,57.32,0
426,North,Gadget,29,1,9.71,13.86,0
427,East,Gadget,45,7,35.73,250.21,0
428,East,Widget,58,10,25.42,250.75,1
429,East,Widget,31,4,14.83,61.59,0
430,East,Gadget,46,10,49.13,484.99,0
431,South,Doohickey,34,2,14.18,22.35,1
432,North,Doohickey,51,8,32.46,249.95,0
433,North,Doohickey,60,7,40.27,266.36,0
434,East,Gadget,30,3,13.64,32.89,0
435,West,Widget,20,2,18.99,31.66,1
436,South,Doohickey,36,5,14.92,87.87,1
437,West,Gizmo,36,7,31.61,224.48,0
438,South,Gizmo,53,10,30.55,318.92,0
439,North,Widget,25,5,13.53,80.49,1
440,South,Gadget,24,3,15.91,50.26,0
441,North,Gadget,60,6,40.13,240.58,0
442,East,Widget,29,3,17.81,51.69,1
443,East,Gizmo,29,4,9.83,54.41,0
444,West,Gizmo,29,4,18.86,63.19,1
445,North,Gizmo,52,9,22.21,190.22,0
446,South,Gadget,42,7,21.47,154.85,0
447,South,Doohickey,29,3,10.79,38.06,1
448,South,Gizmo,42,8,39.86,308.58,1
449,South,Widget,51,10,,402.21,0
450,North,Gadget,26,2,18.31,34.64,0
451,West,Widget,45,15,32.64,483.77,0
452,North,Gadget,52,8,33.4,266.98,1
453,South,Widget,32,2,16.54,40.94,0
454,East,Gizmo,34,1,9.49,22.85,0
455,West,Gizmo,43,10,40.55,404.76,0
456,West,Widget,50,8,42.05,328.58,0
457,South,Gadget,38,3,17.73,47.19,0
458,West,Gadget,44,6,26.08,158.16,0
459,North,Doohickey,44,12,29.51,369.08,0
460,West,Gadget,27,3,15.86,35.47,0
461,East,Gadget,42,8,37.42,290.98,1
462,South,Widget,24,4,15.18,60.3,1
463,East,Widget,48,10,43.32,424.84,0
464,South,Gizmo,30,1,15.4,-1.39,0
465,East,Widget,31,4,11.74,31.69,0
466,West,Gizmo,52,8,37.99,310.46,0
467,East,Gadget,34,3,16.92,56.31,1
468,West,Doohickey,52,10,35.4,357.64,0
469,South,Gizmo,30,1,15.4,6.25,0
470,North,Gadget,39,9,31.85,293.09,1
471,West,Gizmo,58,15,26.43,399.08,0
472,South,Gizmo,48,7,45.65,335.31,1
473,North,Gizmo,25,4,17.42,77.63,1
474,West,Gadget,31,5,11.17,58.46,0
475,East,Doohickey,47,12,44.99,537.87,0
476,North,Widget,55,9,25.43,226.69,0
477,East,Gadget,53,5,47.0,225.61,1
478,East,Gizmo,32,5,20.43,93.29,1
479,South,Doohickey,57,11,31.26,338.82,0
480,North,Widget,26,2,17.35,30.04,1
481,South,Doohickey,27,5,16.11,89.28,0
482,West,Doohickey,36,12,40.37,473.02,1
483,North,Doohickey,31,2,20.98,38.45,1
484,West,Widget,44,10,42.37,419.27,0
485,East,Gadget,23,2,12.18,37.95,0
486,East,Gizmo,24,4,15.83,69.99,1
487,North,Gadget,31,4,12.64,55.53,1
488,North,Gadget,41,11,25.81,281.73,1
489,West,Doohickey,58,8,38.61,326.17,0
490,North,Doohickey,46,11,40.18,447.08,0
491,North,Gizmo,48,9,36.62,335.51,0
492,South,Gizmo,44,8,35.14,272.76,1
493,South,Doohickey,41,13,27.59,362.89,0
494,South,Gizmo,49,9,35.3,307.85,0
495,North,Doohickey,31,3,18.38,44.02,1
496,West,Widget,27,2,11.18,19.34,1
497,East,Widget,33,1,15.32,15.44,1
498,North,Doohickey,29,4,14.95,58.72,0
499,North,Doohickey,49,6,35.23,213.87,0
500,East,Widget,26,4,12.39,52.77,1
501,West,Gadget,30,2,16.79,42.01,1
502,South,Gadget,43,9,30.26,277.85,0
503,South,Widget,57,11,38.35,412.42,1
504,West,Widget,45,8,36.64,301.83,0
505,East,Gizmo,25,2,13.84,19.43,0
506,East,Doohickey,27,4,10.78,35.0,1
507,North,Doohickey,43,9,30.89,283.33,1
508,South,Gizmo,33,3,16.39,45.96,1
509,South,Doohickey,23,3,13.56,41.06,0
510,North,Widget,27,3,15.25,50.46,1
511,East,Widget,42,9,35.27,320.41,0
512,East,Gizmo,47,10,35.18,352.82,0
513,South,Gadget,40,7,27.47,183.74,1
514,West,Widget,65,11,37.11,431.24,0
515,North,Gadget,59,11,39.08,440.48,1
516,South,Widget,25,3,20.04,50.56,0
517,East,Gadget,53,7,33.07,236.65,0
518,West,Gadget,33,6,19.22,96.63,0
519,South,Doohickey,32,3,11.28,40.18,1
520,North,Gadget,47,8,28.8,220.2,1
521,East,Gizmo,28,5,17.17,81.36,0
522,North,Gizmo,33,1,17.98,15.6,1
523,South,Widget,28,2,13.57,33.74,0
524,East,Doohickey,47,10,33.07,322.76,0
525,North,Doohickey,32,2,15.46,27.6,1
526,West,Gizmo,35,4,13.69,49.95,0
527,South,Gizmo,50,9,50.69,462.28,0
528,North,Doohickey,27,5,9.47,45.07,1
529,South,Gadget,57,6,25.59,164.71,0
530,South,Gizmo,38,9,35.53,313.36,0
531,South,Gadget,43,8,34.24,282.26,0
532,West,Doohickey,24,2,16.47,23.34,1
533,West,Doohickey,33,2,14.64,16.89,1
534,North,Doohickey,22,3,19.34,50.99,0
535,South,Doohickey,61,9,38.86,339.81,0
536,North,Widget,27,3,6.09,-2.15,0
537,East,Gizmo,28,1,16.95,19.22,0
538,North,Doohickey,24,3,12.45,43.36,0
539,South,Gizmo,49,11,34.14,374.27,0
540,South,Doohickey,29,4,15.82,61.62,0
541,South,Doohickey,50,11,34.17,381.55,0
542,West,Gizmo,36,4,12.88,55.74,0
543,West,Gizmo,30,3,11.6,46.72,1
544,West,Widget,33,3,16.2,56.18,1
545,South,Doohickey,39,8,29.41,232.79,0
546,North,Gizmo,22,3,13.84,26.09,1
547,North,Gizmo,30,2,9.83,29.41,0
548,North,Gizmo,53,10,31.91,309.14,1
549,North,Gizmo,49,10,32.8,328.65,0
550,North,Widget,46,9,31.95,268.96,0
551,North,Widget,47,11,38.48,412.63,0
552,North,Gizmo,25,4,9.86,37.59,1
553,South,Gizmo,47,9,33.06,307.24,0
554,East,Doohickey,26,3,15.22,47.21,0
555,South,Gizmo,63,8,29.29,217.32,0
556,South,Gizmo,41,11,43.7,479.58,1
557,East,Gadget,56,8,32.07,262.78,0
558,South,Gizmo,50,10,55.4,552.36,1
559,North,Gadget,38,10,30.44,300.76,0
560,North,Gizmo,47,7,43.71,306.72,0
561,West,Doohickey,47,12,,438.02,0
562,North,Gadget,32,2,16.32,38.98,1
563,East,Gizmo,31,4,12.75,40.18,1
564,East,Gadget,28,1,14.15,9.93,1
565,North,Gizmo,56,6,39.41,244.08,0
566,West,Doohickey,25,2,15.62,34.41,0
567,South,Widget,29,4,18.58,76.11,0
568,South,Gadget,34,3,15.32,54.04,1
569,North,Doohickey,42,8,40.1,313.2,0
570,South,Doohickey,55,6,22.97,138.69,0
571,East,Widget,41,11,35.46,382.36,0
572,East,Doohickey,24,3,14.39,50.3,0
573,West,Doohickey,31,2,14.46,31.15,0
574,South,Gizmo,25,3,16.99,48.35,0
575,West,Gizmo,31,2,17.86,28.53,1
576,North,Gadget,40,3,14.66,52.59,0
577,West,Gizmo,43,9,35.94,314.53,1
578,West,Doohickey,59,8,37.06,298.94,1
579,East,Gadget,34,6,39.14,219.9,1
580,East,Gizmo,25,2,16.34,22.85,0
581,East,Doohickey,25,3,17.38,43.67,0
582,East,Widget,47,12,37.38,445.62,0
583,North,Widget,30,5,13.22,72.52,1
584,East,Gizmo,26,2,18.19,40.89,1
585,South,Widget,27,3,11.42,27.82,0
586,North,Widget,39,14,38.77,548.25,0
587,East,Gadget,56,7,29.41,204.08,0
588,North,Widget,29,5,10.37,52.43,0
589,North,Gadget,41,9,41.28,377.63,0
590,North,Gadget,47,10,41.2,420.1,0
591,South,Widget,44,11,41.22,455.57,1
592,North,Gizmo,53,7,27.86,198.79,0
593,East,Gizmo,26,4,16.02,59.57,0
594,West,Widget,48,8,31.2,261.51,0
595,East,Gizmo,22,4,13.44,61.11,0
596,West,Gadget,54,8,36.25,275.5,0
597,North,Widget,45,9,40.21,354.01,0
598,West,Gadget,38,11,34.48,368.13,0
599,West,Gizmo,43,10,44.72,451.15,0
600,East,Widget,55,10,24.05,246.05,0
601,North,Gadget,50,8,23.51,186.63,0
602,West,Gadget,46,11,32.47,359.0,0
603,East,Doohickey,48,10,29.97,292.18,0
604,East,Doohickey,37,5,17.61,95.71,0
605,East,Doohickey,53,12,33.92,413.26,0
606,South,Gizmo,50,8,38.81,1885.08,0
607,North,Gizmo,23,2,13.28,37.9,1
608,South,Gizmo,54,10,32.52,344.71,0
609,East,Widget,55,11,32.5,367.91,0
610,South,Doohickey,42,10,30.42,302.66,0
611,North,Gizmo,43,8,36.0,293.9,1
612,North,Gadget,21,4,10.63,40.64,1
613,North,Doohickey,52,9,26.45,242.5,1
614,West,Gadget,32,1,17.59,20.05,0
615,West,Widget,53,7,30.63,204.74,0
616,East,Gizmo,51,13,41.46,533.81,0
617,North,Widget,30,5,15.42,73.87,0
618,South,Gadget,25,3,18.1,55.95,1
619,North,Doohickey,27,3,11.52,30.22,0
620,North,Gadget,24,3,12.14,27.38,1
621,West,Doohickey,25,4,,66.5,1
622,North,Widget,27,3,11.7,42.17,1
623,East,Widget,26,4,7.48,39.48,1
624,West,Gizmo,25,4,13.54,51.66,0
625,South,Gadget,56,7,29.85,208.93,0
626,North,Gadget,36,4,16.66,72.56,1
627,North,Gadget,26,2,17.84,33.47,0
628,East,Doohickey,29,3,12.89,37.06,0
629,West,Gizmo,42,4,33.45,143.05,0
630,East,Widget,33,1,16.03,27.04,0
631,West,Widget,51,9,36.81,319.08,0
632,West,Doohickey,26,2,16.91,43.96,1
633,North,Gizmo,26,2,16.32,30.8,0
634,West,Gizmo,31,3,16.6,44.1,1
635,West,Gadget,16,5,19.95,90.49,1
636,West,Widget,38,12,31.1,374.35,1
637,South,Gadget,28,1,17.07,16.16,0
638,North,Doohickey,27,2,15.25,36.33,0
639,North,Widget,52,8,36.11,265.86,0
640,North,Gadget,41,12,29.24,354.04,0
641,North,Gizmo,50,10,30.29,289.68,0
642,West,Widget,51,7,29.88,216.24,0
643,North,Gadget,48,9,35.23,309.68,0
644,North,Doohickey,25,3,15.85,56.72,1
645,South,Gadget,50,12,26.1,310.32,0
646,North,Gadget,31,4,14.22,73.13,0
647,West,Widget,35,2,14.35,24.2,0
648,North,Doohickey,61,10,34.0,343.97,0
649,North,Gadget,52,8,37.65,300.3,0
650,North,Gadget,44,7,36.32,250.39,0
651,East,Widget,31,2,12.28,27.44,0
652,South,Gizmo,52,11,33.81,375.3,0
653,West,Doohickey,28,2,12.58,25.21,0
654,East,Widget,46,10,41.22,411.62,0
655,South,Doohickey,44,11,43.07,471.25,0
656,West,Doohickey,45,11,37.66,419.32,1
657,South,Gizmo,45,8,39.58,318.54,0
658,West,Gadget,44,11,31.83,360.87,0
659,North,Gadget,27,4,20.32,90.79,0
660,North,Doohickey,29,3,15.71,59.64,0
661,West,Doohickey,29,4,15.86,61.3,1
662,West,Doohickey,59,11,24.1,258.79,0
663,North,Gizmo,26,3,18.75,44.25,1
664,South,Widget,23,4,18.09,70.27,1
665,South,Gizmo,41,7,38.47,275.24,0
666,West,Gadget,54,13,40.3,517.7,0
667,West,Widget,55,7,29.7,204.07,0
668,West,Doohickey,43,5,47.1,1432.74,0
669,North,Gizmo,44,7,31.05,233.04,0
670,West,Doohickey,23,4,14.61,48.56,0
671,South,Doohickey,46,8,34.95,273.16,1
672,South,Gadget,57,7,34.09,240.46,0
673,East,Gizmo,41,6,31.22,201.68,1
674,South,Widget,31,2,12.3,13.16,0
675,South,Widget,61,11,39.67,435.48,0
676,North,Doohickey,50,9,31.96,273.66,0
677,West,Gizmo,44,7,,226.46,0
678,West,Widget,29,2,14.26,11.24,0
679,West,Doohickey,47,8,28.41,233.23,0
680,West,Widget,52,8,25.58,194.55,0
681,East,Gizmo,39,7,40.88,285.75,0
682,East,Gizmo,26,2,15.45,42.54,0
683,West,Gadget,49,9,36.36,324.39,0
684,South,Doohickey,57,12,34.07,409.61,1
685,North,Widget,20,3,16.33,44.25,1
686,East,Gizmo,47,9,41.32,369.88,0
687,North,Gizmo,23,2,11.7,21.58,1
688,South,Doohickey,49,9,30.14,283.86,0
689,East,Doohickey,22,2,17.16,36.46,0
690,South,Gadget,55,7,29.32,204.97,0
691,North,Widget,45,11,29.23,317.92,0
692,East,Gizmo,42,11,40.13,456.2,0
693,North,Doohickey,48,12,40.27,491.3,1
694,South,Doohickey,46,10,49.4,497.11,0
695,West,Gizmo,29,4,16.75,63.31,0
696,East,Widget,27,4,16.32,491.94,0
697,West,Widget,40,7,40.43,297.59,0
698,East,Doohickey,52,9,40.12,359.4,1
699,East,Doohickey,29,4,9.92,51.92,0
700,South,Widget,38,4,15.97,60.82,0
701,West,Gizmo,53,12,36.72,441.21,0
702,South,Gizmo,37,9,36.62,318.87,0
703,West,Gadget,21,3,16.98,48.43,1
704,West,Gadget,25,2,9.5,12.68,0
705,North,Widget,30,1,13.96,10.24,0
706,North,Gizmo,45,11,26.32,278.44,0
707,South,Doohickey,30,3,13.64,44.39,1
708,South,Doohickey,44,8,31.49,245.28,0
709,East,Gizmo,23,3,13.32,35.39,0
710,West,Gadget,32,4,11.13,38.43,0
711,South,Gizmo,42,10,40.77,405.08,0
712,West,Doohickey,49,11,,399.0,1
713,North,Widget,51,9,44.37,400.12,0
714,South,Widget,41,10,44.47,440.96,0
715,West,Doohickey,51,7,40.14,279.24,0
716,North,Gizmo,45,9,29.04,259.68,1
717,South,Doohickey,43,7,32.53,226.86,1
718,South,Doohickey,31,3,16.06,49.97,1
719,North,Widget,33,3,13.8,53.07,0
720,North,Doohickey,53,11,49.65,547.69,1
721,North,Widget,32,4,13.01,49.16,0
722,West,Gizmo,62,7,28.73,207.08,0
723,South,Widget,45,11,39.9,444.23,0
724,West,Widget,30,3,18.15,49.32,1
725,West,Gizmo,47,8,,245.01,0
726,North,Gadget,26,3,9.41,32.32,0
727,North,Gadget,58,9,29.65,256.3,0
728,East,Gizmo,27,1,21.17,19.41,0
729,South,Doohickey,28,3,12.43,38.69,1
730,East,Gizmo,50,4,35.7,131.11,0
731,East,Gadget,54,7,44.59,304.89,0
732,North,Widget,22,3,13.64,34.74,0
733,East,Widget,48,12,35.3,433.91,0
734,North,Widget,54,12,41.8,497.73,0
735,North,Gizmo,32,4,10.52,45.99,0
736,South,Gadget,51,9,37.85,347.89,0
737,South,Widget,46,8,33.77,270.28,0
738,South,Gadget,27,3,12.93,24.8,0
739,East,Widget,46,7,31.68,223.76,1
740,East,Widget,45,11,37.32,409.38,0
741,North,Gizmo,47,12,41.54,490.97,0
742,North,Gizmo,45,9,44.96,412.65,0
743,East,Doohickey,49,10,34.83,340.95,0
744,South,Doohickey,26,4,17.36,64.96,0
745,North,Gadget,53,8,47.99,381.3,1
746,South,Gadget,35,1,18.41,16.33,1
747,South,Gadget,42,9,42.27,394.23,0
748,South,Doohickey,24,3,17.15,43.63,0
749,South,Gadget,36,4,15.61,312.18,1
750,East,Doohickey,30,3,12.6,34.38,1
751,South,Gizmo,54,10,27.79,282.71,0
752,North,Doohickey,28,4,17.55,82.31,0
753,South,Widget,32,4,8.63,30.57,1
754,East,Widget,40,10,44.86,455.81,1
755,West,Widget,46,10,29.57,296.63,1
756,East,Gadget,29,4,13.17,65.53,0
757,West,Doohickey,46,11,27.18,292.02,0
758,North,Doohickey,27,4,12.31,44.32,1
759,East,Doohickey,24,4,12.62,64.84,0
760,South,Gizmo,54,11,36.34,410.77,0
761,South,Gizmo,24,3,11.54,35.71,1
762,North,Widget,33,7,36.87,266.01,0
763,West,Widget,55,8,39.82,325.35,0
764,East,Widget,44,7,50.47,363.1,0
765,North,Gadget,23,3,19.73,65.61,0
766,West,Doohickey,45,10,23.31,231.93,0
767,East,Gadget,40,11,26.18,287.69,0
768,South,Gizmo,29,2,12.91,26.03,0
769,North,Gizmo,21,3,14.01,47.57,0
770,East,Gadget,27,3,16.79,44.14,0
771,West,Gizmo,45,6,48.53,293.69,1
772,South,Gadget,33,7,32.24,220.0,0
773,North,Doohickey,27,4,9.3,51.2,1
774,West,Doohickey,55,7,39.35,278.69,1
775,South,Widget,43,7,30.12,212.82,0
776,West,Widget,51,8,30.9,249.55,0
777,West,Gizmo,23,3,13.29,42.0,0
778,North,Widget,26,3,12.35,22.15,1
779,South,Widget,28,3,9.89,24.34,1
780,North,Gadget,39,11,27.74,302.8,0
781,East,Widget,41,9,46.44,421.17,0
782,South,Gadget,39,10,,491.33,0
783,East,Gizmo,25,5,13.18,61.14,1
784,East,Gadget,24,4,21.78,81.16,0
785,West,Widget,35,4,19.46,79.45,1
786,South,Gizmo,48,11,33.1,362.68,0
787,West,Doohickey,28,2,14.22,26.29,0
788,West,Gadget,45,9,28.29,242.45,0
789,West,Gizmo,39,12,33.8,404.06,0
790,South,Gizmo,24,2,19.21,55.49,0
791,North,Gadget,26,4,15.19,55.52,0
792,South,Gadget,25,4,12.89,46.12,1
793,West,Widget,51,12,28.63,333.05,0
794,South,Gadget,51,4,35.9,138.79,0
795,South,Widget,23,4,15.96,57.0,1
796,South,Widget,25,1,16.08,9.9,0
797,North,Gizmo,47,8,36.63,284.05,0
798,East,Doohickey,28,4,10.15,48.41,1
799,East,Widget,29,1,16.84,22.59,0
800,West,Doohickey,19,3,15.5,36.61,1
801,East,Gizmo,32,2,13.26,17.42,0
802,North,Doohickey,25,2,16.55,39.28,1
803,South,Widget,51,8,27.82,227.49,0
804,North,Gadget,44,6,,244.15,1
805,East,Doohickey,49,7,35.16,1515.42,0
806,South,Widget,48,8,31.64,248.72,0
807,North,Widget,42,8,44.12,354.68,0
808,East,Gadget,31,3,13.52,58.09,0
809,South,Gadget,31,2,17.21,33.6,0
810,East,Gizmo,50,10,36.3,368.36,0
811,East,Widget,29,4,17.3,460.5,0
812,East,Widget,44,7,32.06,216.31,0
813,East,Gizmo,38,8,26.74,208.08,0
814,South,Gizmo,31,3,11.06,45.94,1
815,South,Gadget,45,6,40.33,249.01,1
816,South,Widget,41,6,27.0,157.94,0
817,West,Doohickey,28,3,16.2,39.85,1
818,North,Gizmo,23,3,14.29,41.72,0
819,East,Gadget,51,10,43.2,432.46,0
820,West,Widget,52,9,41.8,372.53,0
821,South,Widget,20,4,16.5,57.62,1
822,West,Doohickey,42,6,29.96,193.39,0
823,West,Gizmo,27,4,8.29,33.21,1
824,West,Gizmo,39,11,48.19,542.86,0
825,East,Doohickey,46,11,28.54,316.93,0
826,East,Gadget,34,2,7.89,10.45,1
827,East,Gizmo,43,12,40.09,484.13,0
828,North,Doohickey,61,7,26.21,185.47,0
829,West,Doohickey,48,12,33.56,402.52,1
830,East,Gizmo,27,3,12.44,30.61,1
831,West,Doohickey,30,3,16.1,53.1,0
832,South,Gadget,28,3,20.17,42.26,0
833,North,Gizmo,25,3,15.22,50.69,0
834,North,Gadget,28,2,16.29,40.82,0
835,East,Gadget,42,12,32.13,387.31,1
836,East,Gizmo,48,9,40.21,358.28,1
837,East,Gadget,40,10,43.58,431.56,0
838,South,Widget,22,4,16.62,75.96,0
839,West,Gadget,32,1,18.72,23.25,0
840,West,Widget,55,9,37.47,323.62,0
841,South,Doohickey,35,3,17.66,44.61,1
842,North,Doohickey,47,9,33.46,301.18,0
843,South,Doohickey,34,10,28.85,280.64,0
844,West,Gizmo,32,2,12.05,35.61,0
845,East,Gizmo,27,2,13.4,24.52,0
846,East,Gizmo,26,3,19.97,56.72,0
847,South,Gizmo,24,3,12.42,37.02,0
848,North,Gizmo,23,3,12.39,46.74,0
849,North,Gadget,48,11,30.73,344.32,0
850,North,Gadget,50,11,36.65,386.84,0
851,West,Widget,50,5,29.85,145.85,1
852,North,Widget,41,8,32.22,242.84,1
853,East,Gizmo,41,6,34.59,200.67,0
854,East,Doohickey,30,3,14.02,47.52,1
855,West,Doohickey,29,2,14.97,37.79,0
856,South,Gizmo,46,7,35.57,248.8,0
857,South,Widget,32,3,18.07,56.51,1
858,South,Doohickey,26,4,12.86,64.73,1
859,East,Doohickey,40,10,31.39,314.97,0
860,North,Widget,43,9,40.99,368.61,0
861,East,Doohickey,43,8,44.31,354.18,0
862,West,Gizmo,53,10,32.94,332.82,0
863,North,Gizmo,23,3,13.49,44.97,1
864,South,Widget,50,9,45.47,423.58,0
865,East,Gadget,42,14,23.76,335.58,0
866,West,Widget,48,8,32.03,258.84,1
867,North,Doohickey,43,9,48.3,439.12,0
868,West,Widget,44,10,38.15,370.4,0
869,East,Widget,34,1,14.11,17.38,1
870,North,Gadget,35,4,20.29,65.07,1
871,South,Gizmo,34,4,16.48,76.11,1
872,North,Gadget,32,4,18.32,86.32,0
873,South,Doohickey,23,3,18.45,44.49,1
874,West,Gadget,28,4,15.24,61.74,0
875,West,Doohickey,45,13,23.51,301.88,0
876,West,Gadget,46,8,43.25,327.47,0
877,West,Gizmo,37,8,45.0,367.91,0
878,East,Doohickey,44,13,27.51,354.7,0
879,West,Widget,53,8,36.61,294.89,0
880,West,Doohickey,51,10,30.08,299.35,0
881,North,Doohickey,29,3,13.73,49.02,0
882,North,Doohickey,41,10,34.84,357.57,0
883,South,Gadget,24,3,14.51,44.58,0
884,South,Gadget,21,3,14.3,37.98,0
885,South,Widget,57,9,41.57,373.74,0
886,South,Widget,45,11,26.34,288.25,0
887,West,Widget,25,3,15.19,43.61,1
888,East,Gizmo,20,2,16.34,42.05,0
889,West,Widget,30,3,16.39,49.26,1
890,South,Gizmo,27,3,17.21,53.01,0
891,North,Widget,25,3,13.02,36.93,0
892,North,Gizmo,40,11,35.99,399.33,0
893,West,Widget,52,7,34.66,239.36,0
894,North,Doohickey,53,7,30.59,220.12,1
895,North,Gizmo,46,10,29.63,300.94,0
896,South,Doohickey,58,7,31.27,217.51,0
897,West,Widget,49,9,29.07,252.03,0
898,South,Doohickey,32,2,16.64,50.23,0
899,West,Gadget,28,3,16.27,58.65,0
900,North,Doohickey,38,8,34.73,288.87,0
901,East,Gadget,27,5,18.28,92.29,1
902,South,Gadget,24,3,14.26,57.19,1
903,West,Gizmo,24,6,18.64,119.97,0
904,North,Gizmo,48,14,39.56,562.7,1
905,North,Gizmo,33,3,10.43,30.25,1
906,South,Widget,43,6,36.74,225.48,0
907,South,Gizmo,28,2,14.32,47.91,0
908,South,Widget,29,3,13.72,42.47,1
909,East,Doohickey,29,3,16.98,46.14,1
910,West,Doohickey,25,2,19.93,36.6,0
911,East,Doohickey,47,10,30.73,315.63,1
912,South,Gadget,26,3,12.57,26.24,1
913,North,Doohickey,38,4,16.49,79.36,0
914,East,Gadget,46,7,38.71,268.21,0
915,West,Gizmo,43,8,25.97,200.49,0
916,North,Widget,33,4,12.09,46.89,0
917,East,Gizmo,57,10,39.32,404.65,0
918,South,Doohickey,43,14,38.7,528.62,0
919,North,Doohickey,27,2,15.76,31.05,0
920,West,Gadget,46,11,34.16,378.11,0
921,South,Gadget,52,11,37.63,431.12,1
922,East,Doohickey,49,6,29.84,175.23,0
923,East,Widget,28,3,17.63,59.88,1
924,North,Gizmo,26,3,17.74,46.26,0
925,West,Doohickey,32,3,15.02,61.14,1
926,South,Gizmo,50,7,39.23,282.91,0
927,East,Widget,54,6,36.16,218.01,0
928,West,Widget,21,4,18.34,70.04,0
929,West,Gadget,24,5,17.94,95.39,0
930,South,Widget,44,7,37.89,256.44,0
931,South,Widget,47,12,30.67,370.31,0
932,West,Gadget,53,11,37.16,397.39,0
933,East,Widget,32,2,15.18,23.71,0
934,East,Doohickey,54,10,33.85,337.99,1
935,East,Widget,28,3,15.55,46.57,1
936,East,Doohickey,48,9,45.08,410.02,0
937,South,Gizmo,26,4,15.64,64.39,1
938,North,Doohickey,31,4,9.66,38.76,1
939,West,Gadget,23,1,16.19,13.69,0
940,East,Gizmo,51,7,29.35,202.9,0
941,East,Widget,36,11,32.75,344.24,0
942,North,Widget,23,3,14.54,46.56,0
943,South,Widget,50,8,32.91,271.93,0
944,North,Gadget,30,3,13.85,39.8,1
945,East,Gizmo,27,3,15.41,40.32,0
946,North,Doohickey,30,3,16.42,53.68,1
947,North,Widget,47,10,33.77,342.33,0
948,South,Gizmo,34,1,15.93,14.15,0
949,West,Gizmo,47,11,41.85,471.49,0
950,South,Gadget,38,4,12.9,54.02,1
951,East,Gadget,30,3,15.24,51.6,1
952,South,Doohickey,23,5,18.64,95.95,0
953,West,Gadget,31,7,23.29,161.77,0
954,South,Widget,32,3,14.7,41.47,0
955,West,Gizmo,59,9,39.25,368.48,1
956,North,Gadget,53,7,45.7,315.91,0
957,South,Widget,23,2,17.94,37.0,1
958,West,Gadget,45,8,40.36,321.08,0
959,South,Gizmo,52,9,31.31,277.4,1
960,East,Gadget,34,2,16.6,23.17,0
961,South,Gizmo,30,3,13.26,25.42,1
962,South,Doohickey,35,2,8.4,30.34,0
963,West,Widget,52,7,26.75,175.33,0
964,South,Gadget,28,2,19.24,23.32,1
965,South,Doohickey,50,11,33.02,359.55,1
966,East,Widget,49,10,26.27,261.4,0
967,West,Doohickey,46,7,43.51,286.94,0
968,South,Gizmo,27,1,15.43,7.62,1
969,South,Gizmo,59,6,31.91,190.25,0
970,East,Gizmo,18,5,15.76,75.97,1
971,South,Gizmo,29,5,16.29,90.52,1
972,East,Gizmo,31,3,12.71,36.45,1
973,South,Widget,29,3,16.49,49.04,0
974,South,Gizmo,29,2,7.36,13.32,0
975,North,Gizmo,28,3,18.5,46.67,0
976,East,Gadget,20,4,13.29,56.06,1
977,North,Doohickey,35,4,16.87,74.41,0
978,West,Gadget,46,10,24.57,269.24,0
979,West,Gadget,26,4,9.19,25.82,0
980,West,Doohickey,48,11,38.7,413.39,1
981,West,Widget,53,7,33.16,221.27,1
982,East,Doohickey,56,12,40.15,481.09,0
983,East,Widget,53,7,25.28,176.77,0
984,North,Gizmo,42,10,31.12,307.59,0
985,South,Gizmo,47,6,38.23,228.49,0
986,West,Widget,49,7,43.73,309.78,1
987,West,Gizmo,50,6,26.88,175.55,0
988,East,Widget,24,2,11.51,34.35,1
989,South,Doohickey,28,5,13.08,73.51,0
990,East,Gadget,47,8,36.49,283.76,0
991,South,Gadget,31,4,20.56,86.57,1
992,West,Gizmo,47,10,36.96,359.33,0
993,East,Widget,18,3,17.04,43.41,1
994,East,Doohickey,32,3,18.04,40.71,0
995,North,Widget,57,9,41.31,361.44,0
996,West,Widget,49,8,31.78,263.45,1
997,North,Doohickey,57,6,35.63,220.44,1
998,West,Gadget,32,2,14.39,34.88,0
999,North,Widget,50,9,38.03,347.86,0
1000,South,Gizmo,53,7,32.49,222.22,0
1001,South,Gadget,42,8,44.56,342.33,0
1002,East,Widget,46,7,34.74,240.96,0
1003,North,Gizmo,44,6,30.06,185.21,0
1004,North,Widget,48,12,29.72,345.74,0
1005,East,Gadget,25,3,17.53,37.29,0
1006,East,Doohickey,49,12,36.25,430.72,0
1007,East,Doohickey,48,11,42.26,457.72,1
1008,South,Widget,46,11,37.02,418.76,0
1009,North,Doohickey,49,6,35.91,202.56,0
1010,North,Widget,44,8,31.43,258.33,1
1011,North,Gizmo,31,3,11.82,43.2,0
1012,East,Gadget,41,11,24.79,269.51,0
1013,North,Gizmo,27,4,17.37,74.4,1
1014,West,Gizmo,30,2,13.21,16.87,1
1015,East,Doohickey,51,10,39.17,397.58,0
1016,North,Gizmo,47,6,34.43,202.39,0
1017,South,Doohickey,28,3,15.42,45.21,0
1018,South,Widget,27,3,14.79,53.36,1
1019,West,Gadget,23,3,17.65,52.46,0
1020,North,Doohickey,29,5,16.79,85.45,0
1021,West,Doohickey,28,3,15.3,45.96,0
1022,West,Widget,24,2,9.63,15.95,0
1023,South,Doohickey,58,8,39.36,310.71,0
1024,West,Doohickey,40,7,,242.36,0
1025,East,Gadget,43,7,43.04,300.23,0
1026,East,Gizmo,25,4,18.43,83.8,0
1027,East,Doohickey,25,2,16.65,37.44,0
1028,West,Doohickey,21,4,15.14,50.88,1
1029,South,Gizmo,48,10,28.98,290.87,0
1030,West,Gizmo,26,3,12.38,35.22,1
1031,East,Gadget,25,3,15.8,45.61,0
1032,South,Doohickey,23,2,16.34,28.88,1
1033,East,Widget,50,10,28.48,1741.56,0
1034,West,Widget,25,3,13.05,43.6,0
1035,East,Doohickey,34,4,12.07,48.13,0
1036,East,Gadget,46,11,37.9,410.15,0
1037,West,Gadget,55,8,49.17,391.91,0
1038,East,Widget,30,4,11.58,28.13,0
1039,North,Gizmo,28,3,15.92,44.16,0
1040,South,Gizmo,47,9,43.83,381.58,0
1041,South,Gadget,50,7,30.08,198.38,0
1042,South,Gadget,58,11,27.17,293.2,0
1043,West,Widget,28,4,12.93,36.23,1
1044,North,Doohickey,22,4,12.15,63.97,1
1045,East,Gadget,41,10,37.3,382.75,1
1046,West,Gadget,25,6,15.02,88.42,1
1047,East,Doohickey,24,3,13.13,46.78,0
1048,South,Widget,46,9,39.55,361.39,0
1049,South,Gizmo,57,10,41.11,408.3,0
1050,South,Gadget,26,2,16.42,30.89,0
1051,East,Gizmo,45,11,43.71,496.51,1
1052,East,Widget,28,3,18.14,65.19,1
1053,South,Gadget,54,9,27.68,258.12,1
1054,South,Doohickey,36,9,33.74,315.83,0
1055,South,Doohickey,25,3,13.45,36.23,0
1056,West,Gadget,47,9,42.83,395.83,0
1057,West,Doohickey,27,3,14.39,26.23,1
1058,North,Doohickey,55,9,33.97,298.87,0
1059,West,Gizmo,27,2,18.04,40.23,0
1060,West,Widget,28,2,16.39,19.37,1
1061,North,Gizmo,51,7,38.49,267.17,0
1062,East,Gizmo,51,9,,314.36,0
1063,North,Doohickey,26,2,19.45,27.88,0
1064,South,Gadget,43,6,31.07,192.99,1
1065,North,Gizmo,44,12,39.38,485.44,0
1066,East,Gizmo,32,3,10.22,24.07,0
1067,West,Widget,47,8,26.95,234.62,0
1068,West,Widget,35,8,,292.46,0
1069,West,Doohickey,23,2,14.63,36.39,0
1070,West,Gizmo,29,2,13.13,36.63,0
1071,North,Gizmo,46,8,32.93,263.4,0
1072,East,Gadget,26,2,12.28,27.8,1
1073,North,Doohickey,46,8,36.56,311.35,0
1074,South,Widget,54,11,31.52,342.26,0
1075,North,Widget,31,2,13.06,24.27,0
1076,West,Doohickey,32,2,12.21,26.52,1
1077,North,Gizmo,51,10,34.5,348.36,0
1078,North,Widget,26,4,16.93,69.2,1
1079,North,Gizmo,32,4,17.84,83.06,1
1080,West,Gizmo,42,8,37.21,293.81,1
1081,East,Gizmo,57,8,37.57,300.68,0
1082,South,Widget,45,9,33.66,304.93,0
1083,East,Gadget,41,10,30.15,295.35,1
1084,South,Gizmo,43,6,34.8,210.58,0
1085,East,Widget,22,2,19.47,23.83,1
1086,West,Gadget,44,11,35.54,387.26,0
1087,West,Doohickey,57,9,24.05,217.36,0
1088,East,Gizmo,52,9,32.3,279.79,0
1089,East,Doohickey,53,7,35.64,254.33,1
1090,North,Doohickey,27,3,13.95,199.2,1
1091,South,Gadget,44,10,30.53,300.5,1
1092,South,Gadget,26,2,12.32,26.93,1
1093,South,Gadget,41,9,42.81,388.35,1
1094,North,Gizmo,33,3,18.48,64.91,1
1095,South,Doohickey,28,1,17.46,14.64,1
1096,South,Doohickey,27,3,11.95,47.72,0
1097,North,Gadget,52,10,24.19,228.34,0
1098,North,Widget,50,7,38.91,273.78,1
1099,South,Gizmo,25,4,12.45,58.2,1
1100,East,Widget,31,3,21.71,65.02,1
1101,North,Doohickey,25,4,13.28,38.54,0
1102,West,Gizmo,19,3,15.37,43.02,1
1103,North,Gizmo,55,11,35.1,380.95,0
1104,West,Gizmo,27,3,15.61,40.68,1
1105,North,Gizmo,26,4,17.3,66.41,1
1106,North,Widget,32,3,19.16,46.57,1
1107,West,Doohickey,17,2,13.03,15.33,0
1108,East,Widget,54,7,31.95,218.49,0
1109,East,Gizmo,42,8,37.73,307.83,0
1110,East,Widget,25,2,14.57,20.54,1
1111,South,Widget,41,5,36.39,193.9,0
1112,North,Doohickey,30,3,10.78,29.34,1
1113,West,Gizmo,30,3,17.48,60.93,0
1114,East,Doohickey,25,3,10.54,37.18,0
1115,South,Gizmo,22,2,15.73,53.95,0
1116,East,Widget,36,5,14.62,64.21,1
1117,South,Gizmo,57,8,37.27,302.58,1
1118,West,Gadget,44,11,36.67,418.4,0
1119,South,Gadget,52,7,34.69,245.86,0
1120,North,Widget,30,3,12.23,24.97,1
1121,West,Gizmo,31,4,,57.47,0
1122,East,Gizmo,20,4,21.76,81.24,0
1123,South,Gizmo,27,4,17.72,67.34,0
1124,East,Gadget,26,3,16.1,65.05,1
1125,West,Gadget,43,9,41.73,381.97,0
1126,South,Widget,42,8,32.35,253.73,0
1127,West,Gadget,44,6,38.57,247.87,0
1128,South,Gadget,35,7,35.43,236.29,1
1129,South,Widget,46,11,31.19,339.13,0
1130,West,Doohickey,44,7,32.56,234.87,1
1131,North,Gadget,31,3,19.69,84.31,0
1132,South,Doohickey,50,12,26.8,328.45,0
1133,South,Doohickey,40,7,33.97,245.36,0
1134,West,Gadget,44,7,37.05,278.12,0
1135,South,Widget,61,5,35.0,175.79,0
1136,South,Gadget,30,2,13.05,25.49,1
1137,North,Widget,53,9,37.52,343.38,0
1138,West,Widget,26,2,17.21,39.8,0
1139,West,Gadget,42,9,40.9,357.49,1
1140,West,Widget,45,10,43.59,432.48,0
1141,West,Gadget,57,5,30.34,158.94,0
1142,North,Gizmo,28,5,9.97,46.15,0
1143,West,Widget,52,12,32.55,378.7,1
1144,South,Gizmo,55,10,37.26,366.37,0
1145,West,Gizmo,27,3,14.59,52.22,1
1146,North,Doohickey,24,3,19.37,54.01,0
1147,East,Gadget,53,12,37.75,456.77,1
1148,West,Gadget,43,10,31.08,308.32,0
1149,North,Gadget,42,7,45.23,316.5,0
1150,East,Gadget,47,10,29.03,299.5,0
1151,West,Doohickey,28,3,11.74,36.46,0
1152,North,Gadget,46,6,27.07,166.04,0
1153,East,Widget,27,3,16.22,44.68,0
1154,East,Doohickey,43,9,29.5,268.74,0
1155,South,Gadget,28,5,14.83,71.64,0
1156,West,Gadget,48,7,44.15,309.89,0
1157,North,Gizmo,32,2,19.12,25.6,1
1158,South,Gizmo,56,10,43.43,436.32,0
1159,South,Widget,26,3,14.78,46.92,1
1160,East,Doohickey,33,3,10.66,51.32,1
1161,East,Gadget,46,7,46.27,329.12,0
1162,South,Doohickey,25,5,12.15,70.26,0
1163,East,Gadget,44,11,28.25,316.92,0
1164,West,Widget,49,12,29.4,341.89,0
1165,East,Gadget,49,11,26.3,301.18,0
1166,East,Gizmo,21,1,17.13,10.76,0
1167,East,Widget,25,2,14.66,14.68,1
1168,East,Gizmo,28,1,18.27,16.83,0
1169,West,Gadget,58,10,41.22,415.39,0
1170,North,Gadget,50,11,29.01,313.51,0
1171,West,Doohickey,52,10,29.84,305.04,0
1172,South,Widget,51,9,17.18,155.88,1
1173,West,Widget,24,5,13.15,53.95,1
1174,West,Gizmo,29,3,18.24,59.55,0
1175,West,Widget,24,3,,53.92,0
1176,West,Gizmo,26,2,11.91,31.46,0
1177,East,Gizmo,21,2,15.95,18.59,0
1178,North,Doohickey,26,4,10.23,42.65,0
1179,West,Gizmo,26,5,16.73,94.33,1
1180,East,Widget,32,4,13.79,53.93,0
1181,North,Gizmo,52,7,39.24,267.53,0
1182,South,Doohickey,49,9,29.5,258.94,1
1183,West,Gadget,58,7,36.46,242.85,0
1184,West,Doohickey,19,3,19.04,46.76,0
1185,West,Widget,20,5,14.79,91.12,0
1186,North,Widget,27,2,17.51,24.97,1
1187,East,Doohickey,29,2,20.2,54.72,0
1188,West,Doohickey,32,10,29.57,302.36,0
1189,South,Gizmo,50,7,27.97,203.77,0
1190,East,Widget,27,3,18.93,54.21,0
1191,West,Doohickey,27,1,14.75,2.29,1
1192,East,Gadget,31,2,14.6,25.13,0
1193,West,Widget,31,3,11.79,41.87,0
1194,East,Widget,43,6,37.79,219.69,0
1195,South,Gizmo,45,8,32.73,262.61,0
1196,West,Doohickey,38,8,23.27,194.22,0
1197,North,Doohickey,46,9,,183.43,0
1198,North,Gadget,41,10,47.65,470.0,1
1199,West,Gizmo,44,13,41.31,538.64,0
1200,South,Gadget,47,10,25.09,251.49,0
1201,North,Doohickey,50,9,33.37,288.97,1
1202,North,Doohickey,25,4,16.13,62.76,1
1203,South,Widget,46,6,46.88,281.09,0
1204,North,Doohickey,52,10,34.72,338.34,1
1205,North,Doohickey,56,8,28.16,216.64,1
1206,North,Gadget,48,9,30.2,282.21,0
1207,East,Doohickey,61,8,38.23,304.95,0
1208,North,Gadget,52,3,41.81,119.71,0
1209,East,Widget,30,2,19.93,25.84,1
1210,South,Gadget,55,8,28.61,206.3,1
1211,East,Gizmo,45,10,30.17,301.08,1
1212,North,Gizmo,42,11,36.71,400.62,0
1213,East,Gizmo,30,2,13.35,27.87,1
1214,West,Doohickey,51,8,31.43,253.98,1
1215,East,Widget,30,3,13.86,49.29,0
1216,South,Gizmo,32,2,20.33,24.22,0
1217,West,Gizmo,60,9,35.76,319.26,0
1218,North,Gadget,39,11,29.63,332.21,0
1219,West,Widget,46,10,28.43,286.5,0
1220,West,Widget,27,2,14.86,29.49,0
1221,West,Gizmo,55,11,30.09,335.95,0
1222,West,Gadget,50,7,37.17,260.81,0
1223,East,Gizmo,55,8,35.59,274.32,1
1224,East,Gadget,50,8,21.77,182.04,0
1225,South,Gizmo,31,3,17.81,51.95,0
1226,South,Widget,52,10,33.93,339.31,0
1227,East,Widget,25,4,16.87,74.62,1
1228,West,Gadget,50,8,28.14,1275.9,0
1229,East,Gadget,28,2,10.25,24.0,0
1230,West,Doohickey,35,3,10.55,32.65,0
1231,West,Doohickey,54,12,31.34,384.26,0
1232,South,Widget,48,8,38.48,304.78,0
1233,East,Doohickey,49,7,35.8,243.11,0
1234,North,Gizmo,42,11,31.64,334.33,1
1235,South,Gizmo,54,10,39.41,409.22,1
1236,East,Doohickey,32,2,17.14,29.48,0
1237,North,Doohickey,31,2,16.0,27.36,0
1238,West,Gadget,25,4,15.93,65.5,0
1239,West,Gadget,30,3,17.02,46.74,1
1240,South,Doohickey,24,3,16.2,47.3,0
1241,North,Gizmo,52,11,31.58,350.42,0
1242,South,Widget,48,8,34.36,283.44,0
1243,South,Doohickey,50,8,38.32,308.04,0
1244,North,Widget,32,2,18.68,33.44,0
1245,North,Gadget,57,8,26.81,208.24,0
1246,West,Doohickey,47,16,28.92,473.89,0
1247,South,Widget,43,8,32.06,253.77,0
1248,South,Gizmo,32,1,14.67,23.0,0
1249,South,Widget,25,1,15.24,3.21,0
1250,South,Doohickey,49,11,37.31,404.46,1
1251,South,Gadget,32,5,19.21,96.39,0
1252,West,Gadget,26,3,14.34,40.79,1
1253,South,Gadget,28,3,8.94,42.67,0
1254,South,Gizmo,46,13,46.4,606.23,0
1255,East,Widget,53,11,32.88,365.44,0
1256,West,Gadget,27,3,11.76,42.47,1
1257,West,Gadget,26,3,11.19,20.09,1
1258,South,Doohickey,44,8,27.79,230.86,0
1259,East,Widget,46,12,35.81,431.95,0
1260,East,Doohickey,52,7,40.79,286.3,0
1261,North,Gizmo,31,2,16.05,24.24,1
1262,North,Doohickey,46,7,43.45,282.62,0
1263,North,Gadget,32,1,17.95,15.08,1
1264,East,Widget,55,9,30.78,268.73,0
1265,West,Gizmo,26,3,16.27,55.76,1
1266,West,Doohickey,24,4,11.72,59.4,1
1267,West,Doohickey,26,3,17.82,58.03,0
1268,East,Gizmo,36,3,11.94,34.14,0
1269,West,Gizmo,44,10,35.74,369.05,0
1270,East,Doohickey,26,3,15.05,37.11,1
1271,South,Widget,24,3,18.52,59.41,1
1272,North,Widget,22,3,12.94,39.17,0
1273,West,Gadget,51,8,30.39,249.34,0
1274,East,Gizmo,53,13,32.11,406.91,0
1275,North,Widget,51,9,35.36,330.98,0
1276,East,Gizmo,47,5,38.41,194.62,0
1277,South,Gadget,37,7,,233.93,0
1278,South,Doohickey,41,9,30.18,260.73,0
1279,North,Gadget,28,3,16.0,54.73,0
1280,East,Doohickey,43,7,33.97,234.88,0
1281,East,Gizmo,48,9,28.84,267.68,0
1282,West,Doohickey,48,7,31.96,222.96,1
1283,East,Widget,33,3,15.13,44.62,0
1284,South,Gizmo,50,6,25.47,151.7,0
1285,South,Gizmo,21,4,13.63,48.63,0
1286,South,Widget,27,5,16.99,78.74,1
1287,West,Gizmo,46,9,30.43,264.37,0
1288,North,Gizmo,30,3,19.67,66.89,1
1289,North,Gizmo,32,2,16.51,37.53,1
1290,South,Gizmo,51,8,35.62,272.4,0
1291,West,Gadget,25,3,17.2,63.33,0
1292,North,Gizmo,45,7,40.87,293.06,0
1293,East,Doohickey,30,3,12.41,46.43,1
1294,West,Doohickey,31,4,15.21,58.76,0
1295,West,Gizmo,45,11,43.71,473.8,0
1296,West,Gadget,49,9,36.63,321.44,0
1297,West,Gadget,28,3,14.56,36.68,1
1298,East,Gizmo,47,13,35.53,465.88,0
1299,East,Gizmo,43,7,31.22,232.05,0
1300,West,Doohickey,31,3,18.49,62.67,1
1301,East,Gadget,46,9,25.76,239.49,0
1302,North,Gadget,28,3,14.76,41.35,0
1303,West,Gadget,36,8,34.27,271.46,1
1304,West,Doohickey,48,8,32.4,262.53,0
1305,West,Widget,47,9,36.99,325.83,0
1306,West,Widget,42,9,41.55,385.71,0
1307,South,Gizmo,25,3,15.78,46.94,1
1308,West,Gadget,31,3,17.05,48.27,0
1309,North,Widget,28,2,16.09,21.68,1
1310,East,Gizmo,30,6,39.18,239.35,0
1311,South,Gizmo,41,8,34.13,264.23,0
1312,South,Widget,31,4,13.75,65.52,0
1313,West,Doohickey,48,13,25.76,339.15,0
1314,South,Gizmo,41,9,36.35,341.88,0
1315,East,Doohickey,48,10,41.52,405.81,0
1316,East,Gadget,22,2,15.74,30.04,1
1317,East,Gizmo,53,7,44.54,291.18,0
1318,East,Doohickey,50,7,36.7,254.96,0
1319,West,Doohickey,32,3,13.91,43.56,0
1320,North,Doohickey,31,5,13.07,69.39,0
1321,North,Gizmo,30,3,12.54,22.77,0
1322,East,Doohickey,27,1,12.32,8.91,0
1323,West,Gadget,49,10,42.83,426.99,0
1324,East,Gizmo,35,10,41.41,436.59,0
1325,South,Gadget,45,10,29.23,277.74,1
1326,West,Gizmo,24,2,,181.32,1
1327,West,Doohickey,54,9,24.3,226.28,1
1328,West,Widget,31,4,10.87,41.09,0
1329,West,Doohickey,44,9,28.98,254.99,0
1330,East,Gadget,27,4,18.97,83.62,0
1331,West,Gadget,28,2,15.08,38.19,0
1332,North,Gizmo,47,11,31.94,342.84,1
1333,West,Doohickey,18,5,16.22,87.83,1
1334,East,Widget,44,9,36.21,327.99,0
1335,South,Gizmo,45,7,28.56,193.54,0
1336,East,Doohickey,57,8,29.63,231.8,1
1337,South,Doohickey,47,10,28.25,280.37,0
1338,West,Gadget,30,3,13.05,35.15,0
1339,South,Gadget,47,13,19.42,255.8,0
1340,South,Widget,25,2,16.73,54.45,1
1341,North,Gizmo,36,12,34.4,414.08,0
1342,West,Widget,27,3,14.75,44.43,1
1343,West,Widget,32,1,17.63,20.4,1
1344,East,Gizmo,47,7,42.1,295.09,0
1345,East,Widget,33,5,14.52,456.0,1
1346,East,Gizmo,57,9,41.85,366.99,1
1347,West,Gadget,52,9,30.55,259.32,1
1348,East,Doohickey,42,9,40.41,367.59,1
1349,West,Gadget,48,13,28.69,378.98,0
1350,East,Gadget,55,8,40.18,318.91,1
1351,East,Widget,24,2,14.01,20.64,0
1352,East,Gizmo,32,1,13.8,8.2,0
1353,North,Gadget,33,6,11.85,70.04,0
1354,North,Gadget,62,7,41.03,276.59,0
1355,South,Gizmo,30,2,15.33,25.64,1
1356,East,Gadget,29,3,13.36,31.49,0
1357,South,Widget,30,3,14.11,44.9,0
1358,East,Gadget,31,3,13.51,41.33,1
1359,East,Gizmo,30,3,12.41,25.01,1
1360,North,Doohickey,27,1,9.29,23.62,1
1361,North,Doohickey,31,3,14.48,40.06,1
1362,North,Gadget,32,4,14.18,51.05,1
1363,East,Gadget,26,2,16.36,35.78,1
1364,North,Doohickey,28,4,12.19,53.27,0
1365,West,Gadget,44,10,30.63,305.74,0
1366,North,Widget,30,4,22.99,91.14,0
1367,North,Gadget,33,2,16.38,29.37,0
1368,South,Gadget,27,2,9.95,9.94,0
1369,West,Gizmo,48,9,39.65,347.96,0
1370,North,Gizmo,49,6,36.46,224.5,0
1371,South,Gizmo,51,12,38.03,444.56,1
1372,West,Gizmo,29,3,16.63,51.07,0
1373,West,Widget,25,1,15.17,0.91,1
1374,East,Doohickey,27,1,17.32,12.63,1
1375,South,Gizmo,53,8,41.38,346.54,0
1376,North,Widget,45,9,38.56,349.16,0
1377,North,Doohickey,37,10,31.61,319.09,0
1378,South,Widget,42,7,37.09,271.41,0
1379,North,Gizmo,51,12,38.55,449.92,0
1380,West,Doohickey,44,8,33.87,269.63,0
1381,West,Gadget,50,11,32.03,341.36,1
1382,South,Gadget,26,3,,38.25,0
1383,South,Gizmo,31,3,20.68,68.85,1
1384,North,Widget,51,13,31.08,406.41,0
1385,South,Gadget,31,4,14.82,54.91,1
1386,South,Gadget,32,3,16.66,52.17,0
1387,South,Gadget,42,9,46.98,429.69,0
1388,West,Gizmo,34,3,16.72,38.97,0
1389,North,Gizmo,52,8,41.74,319.94,1
1390,North,Gizmo,34,6,45.19,278.7,1
1391,North,Doohickey,34,5,13.54,64.24,0
1392,North,Widget,48,12,34.21,402.33,0
1393,North,Doohickey,45,8,40.84,328.4,0
1394,North,Widget,49,10,31.06,334.13,0
1395,South,Gizmo,32,1,14.22,8.37,1
1396,West,Widget,54,7,28.24,193.01,0
1397,West,Gizmo,48,8,28.63,219.57,0
1398,West,Gadget,37,11,31.21,347.33,0
1399,South,Doohickey,21,3,15.02,42.26,0
1400,North,Widget,29,2,14.97,29.99,1
1401,North,Doohickey,48,8,23.57,172.95,0
1402,South,Gizmo,21,3,13.36,27.61,1
1403,West,Gadget,28,4,16.85,55.67,1
1404,West,Widget,28,5,12.74,62.38,1
1405,West,Gizmo,21,2,21.14,62.79,0
1406,West,Widget,25,3,13.72,51.8,1
1407,West,Gadget,28,3,18.81,50.18,0
1408,North,Gizmo,48,10,26.95,259.39,0
1409,West,Doohickey,27,4,17.54,64.37,0
1410,South,Widget,33,3,19.58,62.81,0
1411,East,Gadget,37,2,16.58,25.27,0
1412,West,Widget,44,5,30.64,885.06,1
1413,South,Widget,23,3,12.33,170.88,1
1414,West,Gizmo,49,10,,435.72,0
1415,South,Widget,42,12,42.83,506.02,0
1416,West,Gadget,51,7,24.29,171.92,0
1417,South,Gadget,50,11,28.67,319.09,1
1418,West,Gizmo,37,2,13.67,32.21,1
1419,South,Gadget,48,9,36.61,329.05,0
1420,East,Doohickey,26,4,12.56,63.0,0
1421,West,Doohickey,40,10,37.26,377.89,0
1422,South,Gizmo,45,6,25.18,164.06,0
1423,East,Gizmo,38,9,34.11,319.98,0
1424,West,Gizmo,50,8,34.67,289.25,1
1425,East,Widget,33,3,16.62,44.5,0
1426,East,Gizmo,46,11,34.44,372.08,0
1427,West,Gadget,52,10,35.08,359.94,1
1428,East,Widget,47,9,34.91,310.75,0
1429,West,Gizmo,25,3,15.77,44.63,1
1430,North,Widget,51,8,37.05,298.23,0
1431,West,Gadget,22,3,14.83,44.53,1
1432,North,Gadget,30,3,13.91,48.28,0
1433,South,Widget,18,4,19.9,82.13,1
1434,North,Widget,50,12,36.43,431.99,0
1435,East,Doohickey,32,5,18.82,100.17,0
1436,East,Gadget,28,4,20.15,77.56,0
1437,South,Doohickey,26,2,15.86,39.3,1
1438,West,Widget,52,11,38.33,411.97,0
1439,East,Gizmo,20,3,18.02,61.76,0
1440,South,Gadget,44,7,31.19,219.29,0
1441,South,Gadget,48,10,35.91,353.81,0
1442,South,Widget,51,9,41.95,377.75,0
1443,East,Gizmo,51,9,37.22,332.78,0
1444,North,Doohickey,30,6,19.38,112.41,1
1445,South,Gadget,27,4,20.95,63.46,0
1446,East,Doohickey,28,4,17.45,67.37,0
1447,North,Doohickey,40,11,30.99,335.97,0
1448,South,Widget,50,12,33.71,395.99,0
1449,South,Gizmo,47,7,36.4,251.67,0
1450,North,Widget,31,2,16.18,32.88,0
1451,North,Gizmo,32,1,17.09,27.36,0
1452,West,Doohickey,31,2,16.28,37.17,0
1453,East,Gadget,25,3,9.28,25.04,1
1454,South,Gadget,31,4,12.63,39.33,1
1455,North,Gadget,57,12,46.66,569.2,0
1456,East,Gizmo,25,2,14.69,34.64,0
1457,West,Gizmo,45,11,22.54,240.79,0
1458,West,Widget,31,3,14.7,45.01,0
1459,West,Doohickey,34,3,12.5,26.75,0
1460,South,Widget,56,10,40.37,397.7,0
1461,South,Doohickey,51,8,35.56,280.82,0
1462,East,Gizmo,33,2,15.37,35.92,1
1463,South,Gadget,29,2,19.63,41.33,1
1464,East,Gizmo,27,2,14.76,24.99,0
1465,North,Doohickey,51,9,34.11,306.77,0
1466,East,Gizmo,25,2,22.88,44.66,0
1467,South,Gizmo,41,7,29.78,197.4,0
1468,East,Gizmo,22,4,18.22,81.85,0
1469,West,Gadget,47,10,32.36,324.2,0
1470,East,Gadget,37,3,15.31,47.27,1
1471,East,Widget,53,7,40.81,288.05,0
1472,North,Doohickey,46,8,39.36,311.75,0
1473,East,Gizmo,28,2,14.33,123.48,0
1474,East,Gizmo,25,4,,39.7,0
1475,West,Gizmo,55,8,36.65,291.32,0
1476,East,Widget,28,2,18.57,38.05,1
1477,North,Gizmo,27,3,11.4,33.12,0
1478,East,Gizmo,25,2,16.03,43.12,0
1479,East,Doohickey,30,3,13.75,41.3,0
1480,West,Widget,29,3,16.55,46.4,0
1481,North,Doohickey,30,5,16.1,87.86,0
1482,East,Widget,31,3,16.27,42.58,1
1483,South,Doohickey,27,3,10.13,29.28,1
1484,South,Gizmo,27,1,14.55,19.14,0
1485,West,Gizmo,34,4,24.11,93.36,0
1486,West,Widget,49,10,37.66,376.75,1
1487,North,Gizmo,21,4,12.18,43.24,1
1488,West,Doohickey,30,3,18.05,63.66,0
1489,East,Gadget,25,2,17.18,32.83,1
1490,North,Gadget,40,10,25.12,250.04,0
1491,East,Doohickey,32,3,8.64,26.1,0
1492,East,Doohickey,27,3,19.5,56.9,1
1493,North,Gizmo,23,3,14.89,38.59,1
1494,West,Widget,36,1,16.1,17.2,0
1495,North,Gadget,22,2,12.14,18.87,0
1496,East,Widget,28,3,17.17,50.43,0
1497,North,Widget,53,8,47.63,375.59,0
1498,North,Gizmo,57,9,39.16,352.24,1
1499,North,Gizmo,25,4,17.87,62.55,0
1500,West,Gadget,37,7,39.85,282.06,0
1501,South,Gizmo,50,4,34.79,140.38,0
1502,South,Doohickey,33,5,17.26,79.7,0
1503,South,Gadget,26,4,21.27,84.92,0
1504,East,Gadget,22,4,15.91,70.52,1
1505,North,Gadget,37,9,40.44,367.34,0
1506,East,Gadget,27,4,17.01,57.58,1
1507,West,Gadget,52,12,36.89,454.08,0
1508,West,Gizmo,24,5,16.42,72.94,1
1509,West,Gadget,41,8,27.91,214.89,0
1510,South,Gadget,52,9,35.33,323.74,0
1511,North,Gadget,31,2,18.13,35.62,0
1512,North,Doohickey,27,3,14.27,33.64,1
1513,North,Gadget,45,10,34.11,351.15,1
1514,West,Gadget,20,3,17.09,43.05,1
1515,North,Widget,26,4,15.55,74.73,0
1516,South,Gizmo,51,8,28.97,225.09,1
1517,North,Gizmo,29,1,14.42,3.59,0
1518,East,Doohickey,26,2,13.18,30.3,1
1519,West,Gadget,28,3,17.04,60.02,0
1520,South,Gizmo,29,3,11.49,42.29,1
1521,South,Gizmo,38,10,32.77,322.01,0
1522,South,Gizmo,48,9,42.01,374.17,0
1523,West,Widget,29,3,12.94,37.65,0
1524,North,Widget,30,5,14.65,85.8,0
1525,West,Widget,47,5,44.74,236.73,0
1526,East,Widget,31,2,13.57,38.46,1
1527,North,Gizmo,35,3,19.08,52.9,1
1528,North,Gadget,25,4,14.47,46.13,0
1529,North,Widget,22,5,14.38,67.65,1
1530,North,Gadget,42,10,37.4,370.52,0
1531,West,Doohickey,27,4,10.77,54.89,1
1532,West,Widget,34,3,16.64,43.57,0
1533,West,Widget,48,11,40.2,436.78,1
1534,West,Widget,28,2,16.02,34.41,0
1535,South,Widget,46,12,33.73,410.75,0
1536,East,Doohickey,28,4,14.95,77.66,1
1537,South,Gizmo,27,4,16.98,82.37,1
1538,West,Doohickey,29,4,17.74,75.92,1
1539,North,Gizmo,50,9,46.47,398.55,0
1540,North,Doohickey,48,9,37.12,334.96,0
1541,South,Widget,28,3,10.19,15.65,0
1542,North,Gizmo,25,2,12.75,18.4,0
1543,South,Widget,34,2,17.39,45.24,1
1544,West,Widget,47,6,37.27,216.27,0
1545,West,Gadget,35,3,11.54,25.38,0
1546,North,Gizmo,46,11,34.02,380.92,0
1547,South,Gizmo,53,10,38.96,385.74,0
1548,South,Widget,47,7,35.64,251.55,1
1549,East,Widget,20,3,15.56,54.92,0
1550,South,Widget,24,2,18.24,31.88,1
1551,West,Gadget,29,4,10.65,50.13,1
1552,South,Doohickey,46,11,36.59,399.58,0
1553,South,Widget,56,9,41.07,379.27,0
1554,East,Gadget,57,8,28.46,217.16,0
1555,West,Doohickey,27,3,17.82,36.18,0
1556,South,Widget,23,4,16.34,69.84,0
1557,East,Gadget,41,11,31.62,353.74,0
1558,East,Doohickey,45,10,30.37,298.72,0
1559,North,Widget,48,6,36.34,214.41,0
1560,West,Gadget,44,11,37.06,412.23,0
1561,South,Doohickey,28,3,12.82,43.56,0
1562,West,Widget,33,5,13.16,88.13,0
1563,East,Gadget,29,2,15.05,28.03,0
1564,North,Gadget,44,9,26.44,230.47,1
1565,East,Gizmo,52,5,39.43,187.75,0
1566,South,Widget,30,3,14.54,62.27,1
1567,West,Doohickey,34,9,46.07,422.21,0
1568,East,Gizmo,52,9,30.8,280.21,1
1569,North,Gizmo,48,8,29.66,241.24,1
1570,East,Gadget,33,10,41.68,421.87,0
1571,North,Gadget,20,2,14.96,29.77,1
1572,East,Doohickey,31,3,17.12,60.62,1
1573,South,Gadget,38,9,29.32,260.95,0
1574,South,Gadget,50,9,34.23,308.35,0
1575,North,Doohickey,25,3,13.06,28.73,1
1576,South,Gadget,22,4,7.99,12.49,0
1577,South,Gadget,36,10,42.75,433.38,0
1578,South,Widget,46,10,29.9,288.15,1
1579,South,Gadget,31,3,15.99,53.84,1
1580,North,Widget,47,8,30.79,248.96,0
1581,East,Doohickey,24,5,14.01,79.58,0
1582,West,Gadget,29,4,,66.88,0
1583,West,Gizmo,57,10,37.52,362.99,0
1584,East,Gizmo,24,5,14.18,68.49,1
1585,East,Widget,54,7,39.39,284.59,0
1586,East,Widget,30,4,18.52,73.2,0
1587,North,Gizmo,37,7,37.38,252.43,0
1588,South,Gadget,30,3,14.84,49.62,0
1589,North,Widget,49,9,27.85,238.35,1
1590,South,Widget,29,4,14.41,62.23,1
1591,North,Widget,37,11,38.04,414.15,0
1592,West,Doohickey,24,4,13.12,51.59,0
1593,East,Gadget,28,2,21.1,35.33,1
1594,West,Widget,29,3,18.55,49.34,0
1595,South,Gizmo,53,8,40.87,340.37,0
1596,South,Widget,24,4,16.45,63.92,0
1597,East,Gadget,52,10,41.97,413.78,0
1598,East,Widget,43,4,34.66,135.43,0
1599,East,Doohickey,49,9,48.97,413.15,1
1600,South,Widget,49,4,46.91,185.15,0
1601,South,Doohickey,29,3,24.71,79.3,0
1602,West,Gizmo,32,8,40.41,324.22,0
1603,West,Gadget,49,9,36.2,332.31,0
1604,West,Gadget,23,4,12.07,55.73,1
1605,South,Doohickey,25,4,15.85,52.17,0
1606,West,Gadget,51,8,52.72,430.81,1
1607,South,Gadget,34,3,16.08,60.89,0
1608,West,Widget,50,10,31.22,308.32,0
1609,North,Gizmo,32,4,19.67,94.27,1
1610,East,Gadget,21,5,18.11,95.17,1
1611,South,Widget,38,11,34.56,387.6,1
1612,South,Doohickey,27,3,16.19,39.02,0
1613,East,Gadget,41,7,30.31,206.53,0
1614,West,Gizmo,43,12,43.95,523.19,0
1615,North,Doohickey,31,3,14.62,44.72,0
1616,West,Doohickey,30,4,18.08,55.86,1
1617,West,Gizmo,38,8,41.15,325.47,0
1618,West,Gizmo,53,8,41.82,339.4,0
1619,North,Gizmo,23,2,21.21,47.6,1
1620,East,Gizmo,36,11,37.97,410.05,0
1621,West,Widget,33,4,19.38,68.09,0
1622,North,Widget,26,4,7.76,36.82,1
1623,West,Doohickey,41,7,25.84,187.04,1
1624,West,Widget,30,3,18.25,58.46,0
1625,West,Gizmo,38,5,33.54,168.87,0
1626,West,Widget,53,7,39.86,267.95,0
1627,South,Widget,54,10,32.67,321.34,0
1628,North,Widget,53,10,24.98,243.9,0
1629,East,Doohickey,25,5,12.85,77.53,1
1630,East,Gadget,27,5,18.66,79.7,0
1631,South,Gizmo,39,10,32.58,317.09,1
1632,North,Widget,54,12,29.63,366.99,0
1633,East,Gadget,29,3,8.87,37.54,0
1634,West,Gadget,59,11,33.84,372.47,0
1635,East,Widget,32,3,18.59,54.0,0
1636,East,Doohickey,47,9,42.27,381.04,0
1637,West,Gadget,32,3,11.68,42.07,0
1638,West,Gadget,46,6,36.59,213.62,0
1639,South,Gadget,34,4,13.97,45.66,0
1640,West,Gizmo,29,4,11.79,46.47,0
1641,West,Widget,64,11,39.85,435.04,0
1642,South,Gadget,23,4,15.61,62.0,1
1643,West,Gadget,21,3,16.95,43.77,0
1644,East,Doohickey,48,11,37.4,426.42,0
1645,West,Gadget,24,4,17.06,55.22,0
1646,West,Gizmo,27,4,,362.4,1
1647,West,Gadget,30,4,18.73,78.1,0
1648,North,Doohickey,62,7,26.78,187.9,0
1649,West,Gadget,53,9,31.59,273.99,0
1650,South,Gadget,45,9,36.99,332.23,0
1651,South,Gadget,24,3,20.96,61.05,1
1652,West,Widget,31,1,16.1,27.25,0
1653,West,Gizmo,31,1,17.08,24.57,1
1654,West,Widget,43,8,41.11,338.83,0
1655,East,Widget,34,3,16.22,49.37,1
1656,North,Widget,18,1,16.41,24.83,1
1657,South,Widget,50,7,38.97,259.05,0
1658,North,Gadget,57,10,41.46,421.62,1
1659,South,Gadget,49,8,38.27,293.08,0
1660,South,Gizmo,30,3,13.38,40.41,0
1661,North,Gadget,51,7,44.55,324.53,1
1662,North,Gadget,50,7,36.54,236.68,1
1663,West,Doohickey,28,3,12.51,32.12,1
1664,South,Doohickey,43,9,31.84,284.56,0
1665,West,Widget,60,9,42.48,368.35,1
1666,East,Gadget,23,4,12.13,47.28,1
1667,West,Widget,42,6,35.54,211.99,0
1668,North,Gadget,47,9,47.73,431.41,0
1669,West,Widget,56,10,39.82,390.35,0
1670,East,Widget,56,8,27.24,211.24,0
1671,North,Gadget,52,9,33.5,306.27,0
1672,East,Gadget,53,11,30.2,316.17,0
1673,East,Doohickey,22,4,20.15,73.31,0
1674,South,Gadget,38,10,40.85,427.45,0
1675,East,Gizmo,46,9,30.92,279.34,0
1676,East,Widget,53,10,27.19,281.51,0
1677,North,Gizmo,30,4,18.58,74.43,0
1678,South,Doohickey,32,2,12.24,20.41,1
1679,East,Gadget,42,8,39.95,317.31,0
1680,East,Gizmo,55,9,39.05,346.93,1
1681,East,Gizmo,49,6,33.1,194.09,0
1682,West,Widget,30,2,12.75,33.5,0
1683,North,Gadget,32,2,18.58,41.24,1
1684,West,Widget,51,9,39.41,369.66,0
1685,North,Gadget,27,3,16.63,41.51,1
1686,South,Gadget,42,7,37.48,271.49,0
1687,West,Doohickey,30,2,11.71,33.36,1
1688,East,Widget,31,1,14.2,9.13,1
1689,West,Gizmo,48,4,33.63,130.73,0
1690,North,Gizmo,25,2,12.86,23.13,0
1691,West,Gadget,45,9,33.89,306.35,1
1692,East,Doohickey,47,7,32.59,235.22,0
1693,West,Widget,50,6,26.9,178.14,0
1694,East,Gadget,35,3,9.76,5.1,1
1695,South,Gadget,32,3,14.18,57.18,1
1696,East,Gizmo,46,5,30.6,157.46,0
1697,West,Doohickey,35,3,15.72,51.28,1
1698,West,Doohickey,29,3,18.21,54.89,0
1699,West,Doohickey,26,3,13.01,34.73,0
1700,South,Widget,51,8,39.18,299.33,1
1701,West,Widget,25,3,10.47,38.56,1
1702,North,Gadget,28,3,14.58,41.54,1
1703,East,Gadget,44,9,41.74,382.76,0
1704,South,Gizmo,22,2,13.76,24.37,1
1705,North,Gadget,60,9,36.46,317.86,1
1706,North,Gizmo,48,10,34.34,355.95,0
1707,North,Widget,52,13,32.52,432.02,0
1708,South,Gadget,47,8,36.62,288.2,0
1709,West,Gadget,29,4,10.6,27.43,0
1710,East,Gadget,23,2,16.83,33.99,1
1711,North,Widget,24,3,16.43,33.72,0
1712,West,Gizmo,28,1,9.39,0.76,0
1713,West,Gizmo,45,8,34.16,1606.68,1
1714,East,Doohickey,44,7,41.73,292.34,0
1715,West,Gadget,45,8,38.93,317.54,0
1716,North,Gizmo,60,7,46.27,330.59,0
1717,South,Gizmo,60,10,35.14,354.52,0
1718,North,Doohickey,30,3,16.4,57.78,0
1719,West,Gizmo,27,3,12.57,35.46,1
1720,North,Doohickey,53,10,,313.06,0
1721,East,Gizmo,25,2,12.24,34.09,1
1722,East,Gadget,49,9,31.12,282.63,0
1723,West,Doohickey,45,8,33.29,260.37,0
1724,North,Widget,44,9,37.38,335.92,0
1725,East,Doohickey,51,10,32.85,320.38,1
1726,West,Gizmo,49,9,32.49,297.09,0
1727,West,Gizmo,57,11,38.0,410.23,0
1728,North,Widget,46,8,20.28,162.69,1
1729,East,Doohickey,26,4,18.78,75.31,0
1730,North,Doohickey,23,2,15.96,40.52,0
1731,North,Doohickey,43,6,36.85,213.95,0
1732,South,Doohickey,39,12,43.22,504.21,1
1733,West,Widget,55,10,41.06,420.09,0
1734,South,Gadget,45,8,41.02,332.96,0
1735,West,Widget,43,8,32.02,272.85,0
1736,West,Widget,51,11,35.36,396.89,0
1737,West,Doohickey,60,8,31.03,251.03,0
1738,West,Widget,25,5,11.51,59.03,1
1739,West,Widget,25,2,13.02,38.13,1
1740,South,Gizmo,28,2,20.0,42.16,0
1741,East,Widget,30,3,21.27,401.28,0
1742,East,Doohickey,51,11,31.22,341.3,0
1743,South,Gizmo,29,3,12.86,48.28,1
1744,East,Widget,30,3,19.8,68.39,1
1745,North,Gizmo,22,2,12.43,21.13,0
1746,North,Gadget,62,8,28.28,218.5,0
1747,West,Widget,41,9,28.07,251.51,0
1748,South,Doohickey,26,1,19.79,16.33,1
1749,South,Gadget,48,11,36.39,388.5,1
1750,North,Gizmo,53,11,33.46,361.6,1
1751,East,Widget,47,9,33.22,293.89,1
1752,East,Doohickey,48,7,38.04,261.01,0
1753,South,Gadget,52,14,31.03,440.07,0
1754,North,Doohickey,30,3,13.4,38.74,1
1755,South,Doohickey,45,9,25.84,237.91,0
1756,East,Doohickey,19,4,11.14,59.61,0
1757,South,Gizmo,25,3,10.65,35.86,0
1758,South,Gizmo,52,12,37.11,456.39,0
1759,West,Doohickey,63,5,41.7,216.07,1
1760,South,Gadget,47,6,29.22,181.81,0
1761,East,Gadget,32,3,14.49,63.99,1
1762,East,Gadget,27,3,12.61,42.96,1
1763,North,Widget,25,4,13.97,59.51,0
1764,South,Doohickey,48,10,34.22,339.47,0
1765,South,Gizmo,54,8,36.1,291.76,0
1766,North,Gizmo,45,8,44.59,346.8,0
1767,South,Gizmo,41,10,38.99,385.13,0
1768,East,Gadget,27,2,13.88,34.55,0
1769,South,Widget,24,2,18.11,43.66,1
1770,North,Gadget,31,2,15.87,33.49,1
1771,South,Widget,27,4,12.62,37.88,0
1772,East,Gizmo,30,3,16.01,40.93,1
1773,East,Widget,29,4,18.15,79.94,0
1774,North,Doohickey,28,2,14.05,26.6,1
1775,South,Gizmo,38,14,36.82,525.15,0
1776,East,Widget,32,4,15.69,56.96,1
1777,West,Gadget,26,2,15.99,23.16,0
1778,West,Doohickey,24,4,15.56,50.93,0
1779,East,Gizmo,18,3,10.77,41.08,1
1780,South,Gizmo,47,8,31.31,259.88,1
1781,South,Gadget,24,4,10.08,29.16,0
1782,South,Widget,30,1,11.4,8.78,1
1783,North,Gizmo,27,2,15.47,30.52,1
1784,North,Gizmo,49,13,37.87,486.27,0
1785,South,Gadget,47,11,32.15,361.73,0
1786,West,Doohickey,30,2,11.4,37.52,0
1787,South,Doohickey,28,4,16.24,63.45,0
1788,West,Doohickey,35,3,14.02,52.57,0
1789,West,Widget,31,3,10.55,28.44,1
1790,East,Widget,53,11,24.57,274.59,0
1791,South,Widget,48,5,23.83,128.29,1
1792,South,Doohickey,48,9,39.94,375.06,0
1793,South,Gizmo,29,3,12.45,40.49,1
1794,North,Doohickey,24,3,19.01,60.07,0
1795,South,Widget,32,4,16.37,73.01,1
1796,South,Gizmo,33,2,19.74,47.86,1
1797,East,Gadget,43,9,20.72,178.13,0
1798,South,Gadget,34,3,,50.59,0
1799,North,Doohickey,36,1,8.29,9.19,0
1800,South,Gizmo,41,8,39.3,319.32,0
1801,West,Doohickey,29,2,16.2,18.05,0
1802,South,Widget,27,3,19.3,53.49,0
1803,South,Doohickey,21,3,12.92,46.79,0
1804,North,Widget,28,2,16.29,26.77,0
1805,East,Widget,30,2,14.6,47.39,0
1806,South,Gadget,28,4,15.62,59.98,0
1807,North,Widget,20,4,13.98,50.09,1
1808,North,Gadget,27,4,9.52,38.91,0
1809,East,Gizmo,31,2,15.35,35.39,1
1810,West,Gadget,47,8,39.29,321.94,0
1811,North,Gadget,29,1,18.18,18.04,1
1812,West,Gadget,56,7,37.23,255.7,1
1813,West,Gizmo,45,6,28.08,183.68,0
1814,East,Gizmo,35,2,12.74,18.9,0
1815,South,Widget,43,9,30.7,285.89,0
1816,East,Gadget,29,4,15.83,56.6,0
1817,East,Widget,29,3,12.94,36.88,0
1818,East,Gizmo,31,4,21.25,77.42,0
1819,West,Widget,30,2,11.46,12.12,0
1820,West,Gizmo,34,4,19.21,77.78,1
1821,North,Doohickey,19,2,10.05,19.55,1
1822,North,Gadget,48,11,33.23,376.22,0
1823,South,Gadget,30,3,18.53,56.36,0
1824,South,Widget,51,10,40.57,2508.0,0
1825,East,Widget,50,9,33.32,306.45,0
1826,South,Gizmo,60,8,33.37,275.32,0
1827,North,Widget,25,1,15.62,28.73,0
1828,North,Doohickey,47,10,32.03,314.25,0
1829,North,Widget,43,10,29.29,279.96,0
1830,East,Doohickey,57,12,41.73,500.78,0
1831,East,Gizmo,20,6,14.94,75.59,0
1832,North,Gizmo,41,9,22.66,203.53,0
1833,East,Widget,41,9,27.4,235.76,0
1834,East,Widget,27,2,18.05,41.91,0
1835,North,Gizmo,30,2,17.92,45.15,0
1836,South,Gadget,27,3,9.97,42.75,0
1837,South,Doohickey,51,9,20.75,188.98,0
1838,North,Gizmo,32,3,17.99,72.84,0
1839,West,Doohickey,21,4,11.17,40.23,0
1840,East,Gadget,49,9,28.27,255.71,0
1841,North,Gizmo,36,3,12.05,36.46,0
1842,North,Doohickey,32,2,15.01,42.16,0
1843,South,Doohickey,39,7,28.3,191.62,0
1844,North,Gizmo,48,10,28.27,271.11,1
1845,North,Gadget,48,3,35.68,101.07,0
1846,East,Gizmo,47,10,43.44,426.38,0
1847,East,Gizmo,27,2,14.73,34.38,0
1848,North,Gadget,50,11,41.28,449.82,0
1849,West,Gadget,48,5,39.76,199.36,0
1850,West,Gizmo,33,2,16.36,26.41,1
1851,East,Gadget,35,5,13.27,54.13,1
1852,South,Widget,26,3,17.62,48.13,1
1853,East,Doohickey,23,4,12.24,67.67,1
1854,South,Doohickey,30,3,13.49,29.02,0
1855,West,Gadget,35,4,11.13,46.01,1
1856,East,Widget,54,10,39.97,402.75,0
1857,South,Gizmo,31,2,17.61,32.83,0
1858,West,Gadget,50,10,36.18,359.56,1
1859,West,Gadget,57,7,22.65,161.3,0
1860,South,Widget,40,6,38.55,230.64,1
1861,East,Gizmo,56,9,26.66,233.78,0
1862,South,Gizmo,28,3,16.31,52.15,1
1863,North,Gadget,42,12,34.13,409.45,1
1864,North,Widget,35,2,18.61,32.35,0
1865,North,Widget,38,11,34.9,386.96,0
1866,North,Widget,20,2,17.98,41.95,1
1867,East,Gizmo,27,4,14.34,52.29,0
1868,West,Gadget,45,6,30.44,166.11,0
1869,North,Doohickey,29,3,16.94,51.73,0
1870,South,Gadget,55,10,36.8,364.25,0
1871,North,Gizmo,34,4,17.4,75.74,1
1872,North,Widget,29,4,7.48,21.45,0
1873,West,Gizmo,42,8,26.64,215.38,0
1874,East,Gadget,52,6,37.29,226.86,0
1875,South,Doohickey,21,4,15.07,57.93,0
1876,North,Widget,29,2,17.3,42.0,0
1877,East,Doohickey,29,2,9.97,25.21,1
1878,East,Gizmo,46,6,39.62,257.25,0
1879,East,Gadget,52,8,45.16,361.07,0
1880,East,Doohickey,27,4,11.23,42.52,1
1881,West,Gadget,26,3,9.33,25.88,0
1882,South,Gizmo,25,2,20.37,53.04,1
1883,South,Gizmo,30,2,12.43,22.13,1
1884,East,Gadget,45,10,35.16,346.67,0
1885,West,Gizmo,57,8,40.73,313.22,0
1886,West,Gizmo,25,3,13.62,53.4,0
1887,West,Widget,46,10,40.64,402.11,0
1888,South,Doohickey,32,3,15.51,53.84,1
1889,South,Widget,29,2,18.67,43.24,0
1890,South,Gizmo,27,4,13.76,44.52,0
1891,East,Gadget,29,3,17.64,55.79,0
1892,North,Doohickey,33,4,19.57,81.28,1
1893,West,Widget,44,11,31.17,332.19,0
1894,South,Gadget,48,10,37.33,364.31,1
1895,West,Widget,31,2,20.0,30.77,0
1896,East,Doohickey,38,8,44.61,348.77,0
1897,West,Widget,45,10,36.72,347.72,0
1898,South,Doohickey,54,6,29.27,177.86,0
1899,North,Gizmo,54,10,37.47,378.73,0
1900,South,Gizmo,29,3,21.25,67.15,0
1901,South,Gizmo,41,9,36.62,337.29,1
1902,North,Doohickey,49,8,36.38,293.59,0
1903,East,Gadget,53,11,25.05,273.27,0
1904,North,Widget,25,5,17.31,65.09,0
1905,South,Widget,21,2,11.66,41.89,0
1906,East,Doohickey,25,3,18.73,52.65,0
1907,East,Gizmo,22,3,17.17,38.15,1
1908,West,Gadget,29,4,16.41,68.02,1
1909,East,Widget,25,3,,150.06,1
1910,East,Doohickey,44,11,40.22,447.71,0
1911,South,Gadget,32,3,14.2,45.54,1
1912,East,Widget,54,10,31.2,321.78,0
1913,South,Widget,25,2,13.83,24.06,0
1914,North,Gadget,40,6,32.9,196.14,0
1915,West,Doohickey,32,5,14.6,68.03,1
1916,North,Gizmo,52,7,40.8,285.2,0
1917,West,Doohickey,29,2,9.52,37.71,1
1918,North,Doohickey,19,3,20.6,64.45,0
1919,East,Gadget,26,4,13.21,48.74,0
1920,North,Widget,44,9,37.9,330.24,0
1921,North,Gadget,40,2,12.82,17.74,0
1922,East,Gizmo,45,12,35.75,426.82,0
1923,North,Gadget,51,11,33.7,363.85,0
1924,West,Widget,26,5,12.04,54.63,0
1925,West,Widget,28,4,10.69,41.89,1
1926,North,Widget,25,2,18.75,29.49,1
1927,West,Gadget,24,2,10.74,16.82,0
1928,South,Widget,26,1,14.03,24.99,0
1929,South,Gadget,30,3,17.23,55.01,0
1930,North,Gizmo,52,10,37.28,375.57,0
1931,North,Doohickey,24,5,15.74,66.47,1
1932,South,Widget,25,2,,29.26,1
1933,West,Gadget,49,9,34.1,305.98,0
1934,East,Doohickey,55,11,30.07,333.7,1
1935,East,Doohickey,25,3,18.84,51.4,0
1936,East,Gizmo,31,4,9.75,44.53,1
1937,West,Doohickey,27,1,17.36,30.48,1
1938,North,Gadget,45,8,41.6,326.19,0
1939,North,Widget,50,7,32.36,231.12,1
1940,East,Widget,30,3,15.61,40.13,1
1941,East,Gadget,22,2,17.63,35.41,1
1942,East,Doohickey,27,2,14.4,15.55,0
1943,North,Doohickey,45,8,30.03,235.55,0
1944,West,Gizmo,31,3,21.16,68.38,0
1945,North,Gizmo,27,3,11.12,41.32,0
1946,North,Gadget,28,4,15.87,76.59,0
1947,East,Gizmo,27,4,13.94,52.74,1
1948,North,Doohickey,43,11,31.95,353.96,0
1949,North,Widget,34,4,13.89,45.57,0
1950,West,Gizmo,31,3,18.5,58.93,0
1951,East,Doohickey,49,9,26.22,235.96,0
1952,North,Doohickey,51,8,37.15,301.55,1
1953,West,Widget,32,4,14.14,41.9,0
1954,North,Gizmo,28,4,14.09,48.2,0
1955,North,Gadget,40,9,34.97,310.62,0
1956,North,Gadget,40,3,14.07,42.8,1
1957,East,Gizmo,44,8,32.46,261.15,1
1958,North,Gizmo,46,11,41.87,442.11,0
1959,West,Gizmo,38,6,35.77,227.35,1
1960,West,Gadget,19,2,12.02,12.56,0
1961,East,Doohickey,43,11,34.27,374.34,0
1962,North,Gadget,47,8,29.55,240.01,0
1963,South,Widget,32,3,14.18,42.47,1
1964,East,Gizmo,57,9,31.9,293.5,0
1965,West,Doohickey,52,9,44.06,411.68,0
1966,North,Gizmo,37,9,39.57,351.51,0
1967,East,Doohickey,35,2,15.76,24.6,1
1968,North,Gadget,28,1,14.39,21.92,1
1969,North,Gadget,48,8,38.99,308.97,0
1970,East,Gizmo,24,2,16.53,33.0,0
1971,East,Gizmo,55,7,46.43,326.78,1
1972,East,Gadget,45,3,45.16,131.31,0
1973,East,Gizmo,41,12,25.1,294.21,0
1974,East,Gizmo,29,1,15.66,14.34,1
1975,South,Doohickey,43,9,37.91,337.53,0
1976,West,Gadget,34,3,12.04,33.39,1
1977,North,Gizmo,42,6,30.97,194.16,0
1978,West,Doohickey,39,4,18.24,69.38,0
1979,West,Gizmo,27,2,16.48,21.66,0
1980,South,Doohickey,47,7,35.07,243.77,0
1981,West,Gadget,46,13,44.6,573.62,0
1982,West,Gizmo,40,9,34.77,320.43,0
1983,East,Gizmo,27,2,16.04,43.54,1
1984,West,Doohickey,56,13,14.91,192.16,0
1985,East,Gadget,47,9,46.98,420.78,0
1986,East,Doohickey,43,9,42.62,385.3,0
1987,South,Doohickey,47,8,33.18,266.97,0
1988,South,Doohickey,25,2,11.42,20.06,0
1989,South,Widget,29,2,20.21,40.66,1
1990,West,Gadget,46,8,42.65,338.22,0
1991,West,Doohickey,43,11,38.35,415.95,0
1992,East,Widget,31,2,17.34,39.02,1
1993,East,Gadget,27,3,20.43,60.62,1
1994,East,Doohickey,60,11,40.47,2677.14,1
1995,East,Widget,49,8,41.03,322.02,0
1996,North,Gizmo,29,3,17.18,37.72,1
1997,South,Widget,46,11,33.14,359.98,0
1998,South,Gizmo,46,9,33.16,286.87,0
1999,West,Widget,27,3,15.15,39.17,0
2000,East,Gadget,24,3,14.61,48.89,0
2001,West,Gadget,41,11,41.42,459.16,0
2002,West,Gizmo,28,3,15.01,53.63,1
2003,North,Doohickey,21,4,14.0,50.53,1
2004,West,Gizmo,30,1,17.15,19.38,0
2005,East,Widget,39,6,34.11,218.28,0
2006,West,Doohickey,28,4,18.63,75.85,1
2007,East,Gizmo,17,4,18.48,77.52,0
2008,West,Doohickey,27,4,20.88,84.61,0
2009,South,Widget,38,10,31.66,309.19,0
2010,West,Widget,40,7,45.58,321.81,0
2011,North,Gizmo,34,3,16.25,30.42,0
2012,North,Doohickey,18,3,17.1,49.73,0
2013,West,Doohickey,25,4,13.73,58.83,0
2014,North,Widget,52,9,33.05,295.86,1
2015,North,Widget,44,10,30.34,305.44,0
2016,North,Doohickey,25,4,18.94,74.02,0
2017,West,Widget,36,2,12.23,31.74,1
2018,East,Widget,41,9,30.21,269.49,0
2019,East,Gadget,43,11,35.23,364.79,0
2020,North,Gadget,30,3,19.61,52.26,0
2021,North,Gizmo,29,4,17.89,71.01,0
2022,West,Widget,44,5,41.0,209.92,0
2023,South,Gizmo,45,5,38.72,179.12,0
2024,North,Gadget,60,4,35.33,140.19,0
2025,East,Gizmo,28,3,9.26,22.58,1
2026,South,Gadget,28,3,,41.18,1
2027,West,Doohickey,46,9,30.45,270.15,1
2028,South,Doohickey,48,8,46.48,367.36,1
2029,South,Gizmo,52,10,37.19,375.54,1
2030,East,Gadget,36,2,14.36,34.89,0
2031,West,Gizmo,49,9,31.87,280.23,0
2032,West,Gizmo,33,3,16.9,59.41,0
2033,West,Doohickey,23,2,14.28,20.79,0
2034,West,Doohickey,47,6,37.72,220.84,1
2035,West,Widget,47,8,33.47,254.32,0
2036,East,Gizmo,50,9,,332.12,0
2037,North,Widget,45,7,44.08,303.44,0
2038,East,Doohickey,24,1,12.6,18.73,1
2039,West,Gizmo,42,9,43.04,378.61,0
2040,North,Widget,39,4,19.28,83.01,1
2041,West,Widget,27,3,13.98,25.87,1
2042,South,Gadget,46,11,39.47,433.42,1
2043,East,Doohickey,50,9,36.5,340.86,0
2044,West,Widget,42,10,43.58,446.92,1
2045,East,Gadget,21,2,10.7,31.55,1
2046,West,Doohickey,46,8,29.77,236.44,1
2047,East,Gadget,25,4,17.4,64.72,0
2048,East,Gizmo,48,8,28.41,221.66,0
2049,West,Gadget,59,9,42.54,384.58,0
2050,South,Doohickey,51,11,28.47,331.18,0
2051,North,Doohickey,30,2,15.25,40.61,1
2052,South,Doohickey,25,1,14.84,13.63,1
2053,West,Widget,32,5,14.76,72.63,0
2054,South,Gadget,46,8,23.05,174.43,0
2055,South,Gadget,39,10,36.78,357.34,0
2056,South,Widget,32,3,15.39,51.7,0
2057,West,Gadget,49,8,43.3,344.22,0
2058,East,Gadget,46,10,28.27,287.76,0
2059,West,Doohickey,25,3,17.62,53.88,0
2060,South,Doohickey,25,4,16.58,64.07,0
2061,North,Gizmo,48,10,45.02,449.93,0
2062,South,Gizmo,47,11,32.61,368.72,0
2063,East,Gadget,32,3,18.98,63.58,1
2064,East,Doohickey,48,10,26.44,267.63,0
2065,East,Widget,45,11,39.96,444.99,1
2066,West,Gizmo,59,10,28.92,299.67,1
2067,North,Doohickey,51,9,39.18,359.82,0
2068,East,Doohickey,57,5,36.85,202.6,0
2069,North,Gadget,32,3,9.4,10.55,0
2070,West,Gadget,26,5,17.82,89.97,0
2071,South,Doohickey,24,2,13.33,27.84,0
2072,North,Gizmo,49,6,38.78,229.94,0
2073,West,Widget,32,4,17.58,64.47,1
2074,East,Gadget,33,3,7.88,19.33,1
2075,North,Widget,48,10,34.49,346.84,0
2076,North,Gizmo,22,4,12.75,59.98,0
2077,North,Widget,31,3,18.06,62.87,1
2078,South,Widget,33,3,16.54,46.22,1
2079,North,Gizmo,29,3,14.44,42.06,0
2080,North,Gadget,36,3,15.85,58.96,1
2081,North,Gadget,43,10,34.64,341.16,1
2082,North,Gadget,31,4,14.17,35.38,0
2083,North,Widget,24,1,15.0,-4.8,0
2084,East,Doohickey,41,9,30.18,274.11,0
2085,South,Gadget,30,3,17.49,51.15,0
2086,North,Doohickey,49,11,34.88,396.06,0
2087,South,Widget,52,9,29.27,250.94,0
2088,West,Gizmo,55,11,31.81,347.53,0
2089,West,Widget,26,3,11.69,42.19,0
2090,South,Gadget,27,4,20.48,90.52,1
2091,West,Doohickey,47,9,37.77,346.3,0
2092,West,Gizmo,33,5,13.52,72.49,1
2093,North,Gizmo,45,10,33.53,343.36,0
2094,East,Gizmo,22,4,14.93,57.37,0
2095,West,Doohickey,28,3,17.86,62.62,1
2096,South,Gizmo,51,8,42.59,342.85,0
2097,East,Widget,50,6,31.63,185.92,1
2098,West,Gadget,51,11,36.01,397.32,0
2099,South,Gadget,45,6,27.9,168.91,0
2100,West,Doohickey,32,2,14.4,22.55,0
2101,West,Gadget,52,5,27.78,126.71,0
2102,South,Doohickey,48,8,38.57,306.23,0
2103,East,Gizmo,28,2,9.07,2.1,1
2104,North,Doohickey,25,3,14.3,41.56,1
2105,East,Widget,49,8,40.27,324.59,0
2106,East,Widget,29,3,15.39,48.08,0
2107,West,Doohickey,41,7,43.74,316.99,1
2108,West,Gadget,33,3,19.09,51.88,0
2109,South,Gadget,31,3,12.55,29.81,0
2110,West,Widget,25,2,9.22,28.17,1
2111,West,Doohickey,23,4,19.27,87.18,0
2112,North,Widget,52,8,31.39,253.8,0
2113,North,Doohickey,53,8,28.5,240.52,0
2114,West,Doohickey,57,8,34.8,256.4,0
2115,North,Widget,48,12,37.91,448.19,0
2116,East,Gizmo,36,4,8.03,44.18,0
2117,South,Widget,39,11,42.81,477.62,0
2118,East,Widget,42,9,48.4,446.67,0
2119,South,Widget,47,10,30.05,302.22,0
2120,North,Widget,50,7,45.38,317.34,0
2121,North,Doohickey,48,13,37.23,489.82,0
2122,East,Widget,51,7,38.66,269.87,0
2123,East,Widget,48,12,19.35,224.18,0
2124,East,Doohickey,47,9,29.78,262.87,0
2125,West,Widget,62,12,31.85,378.31,0
2126,South,Gadget,35,3,13.99,34.97,0
2127,East,Widget,32,2,16.82,31.65,1
2128,East,Gizmo,40,12,38.97,467.84,0
2129,East,Gizmo,23,4,11.07,42.89,1
2130,North,Widget,29,3,15.71,55.89,0
2131,West,Gizmo,60,9,31.24,276.67,0
2132,West,Gadget,45,10,42.9,434.26,0
2133,West,Widget,48,11,30.76,346.15,0
2134,East,Widget,24,3,16.64,42.88,0
2135,East,Gadget,29,3,16.75,53.5,1
2136,South,Gadget,48,12,36.35,428.78,0
2137,West,Doohickey,50,6,32.63,192.51,0
2138,North,Gizmo,30,3,16.85,61.06,1
2139,South,Doohickey,45,8,26.81,217.99,0
2140,East,Gizmo,22,3,18.86,58.33,1
2141,North,Widget,56,11,34.08,367.21,0
2142,West,Gadget,58,6,34.43,206.76,0
2143,North,Gizmo,47,6,31.29,194.67,0
2144,West,Doohickey,51,6,31.18,188.96,0
2145,East,Gadget,20,2,14.97,27.48,0
2146,North,Doohickey,24,3,13.94,44.75,1
2147,West,Gizmo,25,3,19.12,45.6,0
2148,East,Doohickey,53,8,47.41,382.66,0
2149,West,Doohickey,49,8,33.32,261.13,0
2150,West,Gizmo,39,10,39.78,400.1,0
2151,East,Widget,23,2,11.07,24.34,0
2152,South,Doohickey,28,2,13.98,21.35,0
2153,East,Gizmo,43,7,41.55,305.08,0
2154,West,Gadget,37,6,40.05,245.78,0
2155,West,Widget,52,7,33.54,229.25,1
2156,East,Gizmo,25,2,13.4,22.73,0
2157,North,Gizmo,34,3,12.5,30.59,0
2158,South,Gizmo,38,6,36.77,225.74,0
2159,East,Gizmo,36,7,46.72,329.5,0
2160,South,Gadget,26,2,11.3,25.53,0
2161,West,Gizmo,49,12,40.67,500.82,0
2162,South,Gizmo,25,2,14.23,20.64,1
2163,South,Gizmo,29,4,13.11,52.14,0
2164,East,Gadget,60,7,37.48,269.26,0
2165,East,Widget,44,12,37.31,436.15,0
2166,East,Gizmo,50,6,39.85,243.67,0
2167,East,Gadget,29,4,13.65,54.64,1
2168,South,Doohickey,46,9,34.37,309.29,1
2169,North,Widget,57,6,34.5,207.64,0
2170,North,Gizmo,48,9,37.06,323.08,0
2171,North,Doohickey,28,3,16.25,53.7,1
2172,South,Gizmo,48,10,36.27,347.1,1
2173,South,Widget,49,9,33.72,301.6,0
2174,North,Widget,49,7,40.99,280.66,0
2175,South,Doohickey,27,2,15.67,32.71,0
2176,West,Gizmo,44,7,33.64,241.96,1
2177,South,Gizmo,25,1,13.12,1.1,1
2178,East,Widget,30,3,16.66,53.82,1
2179,East,Doohickey,43,10,30.19,306.65,0
2180,West,Doohickey,26,2,13.61,17.62,1
2181,South,Widget,53,6,23.87,139.93,0
2182,East,Doohickey,30,1,12.14,7.02,0
2183,North,Widget,65,6,40.27,248.45,0
2184,South,Widget,58,9,32.03,290.13,0
2185,North,Doohickey,49,11,35.87,387.66,1
2186,East,Gizmo,27,3,10.61,36.12,0
2187,East,Gizmo,32,4,12.63,49.71,0
2188,South,Gizmo,29,2,18.41,46.15,1
2189,East,Widget,29,5,13.84,81.33,1
2190,West,Doohickey,65,7,35.07,239.11,0
2191,North,Gadget,24,3,11.84,37.72,1
2192,North,Doohickey,24,1,14.73,23.3,1
2193,West,Widget,27,2,13.64,25.51,0
2194,South,Doohickey,28,5,15.62,85.53,0
2195,North,Gizmo,60,6,26.06,140.41,1
2196,East,Gizmo,48,11,31.23,343.42,0
2197,North,Doohickey,25,2,9.82,19.14,0
2198,West,Widget,50,11,38.03,429.25,0
2199,North,Gizmo,48,7,26.13,168.91,0
2200,East,Gadget,27,3,6.64,25.92,1
2201,South,Gadget,25,1,11.36,19.12,1
2202,North,Widget,25,3,12.42,53.98,1
2203,South,Gizmo,28,4,13.81,61.4,1
2204,East,Gizmo,26,3,16.1,44.84,1
2205,North,Doohickey,21,2,16.1,35.53,1
2206,East,Gadget,50,8,,187.38,0
2207,South,Gizmo,32,4,13.03,62.47,0
2208,West,Widget,61,11,29.34,312.74,1
2209,South,Doohickey,34,3,,34.25,1
2210,East,Gadget,29,5,17.51,83.12,0
2211,South,Gizmo,52,9,31.57,281.38,0
2212,West,Doohickey,44,9,35.83,320.94,0
2213,East,Gizmo,49,11,40.12,446.56,0
2214,North,Widget,22,1,19.98,31.56,1
2215,West,Widget,29,2,10.68,17.41,0
2216,West,Gadget,30,4,15.36,52.56,0
2217,East,Gadget,36,3,16.88,44.89,1
2218,West,Widget,46,12,30.14,371.52,0
2219,West,Doohickey,23,2,13.68,27.79,1
2220,North,Widget,28,3,13.5,36.93,0
2221,North,Gadget,59,12,28.78,338.94,1
2222,East,Gadget,26,3,14.81,46.69,0
2223,East,Gizmo,29,3,13.72,39.55,1
2224,East,Widget,23,2,15.77,15.66,0
2225,South,Doohickey,29,3,15.57,49.93,1
2226,East,Doohickey,45,11,33.38,369.9,1
2227,North,Doohickey,50,9,24.74,216.07,1
2228,South,Doohickey,44,7,30.57,202.82,1
2229,West,Gadget,32,3,12.82,42.4,1
2230,South,Doohickey,46,11,43.12,471.15,1
2231,South,Widget,44,11,31.31,338.97,0
2232,West,Gizmo,33,3,12.15,34.91,1
2233,East,Doohickey,56,10,36.52,354.28,0
2234,East,Widget,26,2,20.03,50.08,0
2235,West,Gizmo,60,7,38.43,267.28,0
2236,West,Gadget,40,10,38.46,378.91,0
2237,West,Widget,27,4,11.88,46.48,0
2238,North,Gadget,27,3,10.54,25.74,0
2239,South,Widget,28,3,15.52,39.44,0
2240,South,Gizmo,40,11,45.04,509.19,1
2241,East,Gizmo,32,3,13.72,37.3,0
2242,East,Widget,39,10,36.09,354.99,0
2243,West,Gizmo,32,3,9.37,31.35,0
2244,West,Gizmo,29,4,13.8,50.53,0
2245,West,Gizmo,41,8,35.33,284.27,0
2246,East,Widget,46,11,30.14,316.57,0
2247,West,Widget,55,9,36.74,329.32,0
2248,West,Gizmo,29,2,17.77,40.86,0
2249,South,Gadget,17,3,16.19,29.32,0
2250,South,Widget,35,2,17.86,32.58,0
2251,East,Gizmo,52,10,27.91,284.98,0
2252,East,Doohickey,48,8,33.25,271.37,0
2253,East,Widget,26,3,16.42,55.01,1
2254,West,Widget,45,9,31.51,279.88,0
2255,South,Widget,24,3,11.6,28.16,1
2256,East,Widget,44,14,31.11,435.02,0
2257,East,Gizmo,49,12,37.53,452.45,0
2258,East,Doohickey,46,10,32.02,310.65,1
2259,South,Gadget,26,1,17.53,12.83,0
2260,West,Doohickey,46,10,37.62,373.01,0
2261,South,Gizmo,29,3,14.33,51.26,0
2262,East,Doohickey,50,7,28.27,208.66,0
2263,West,Gizmo,30,2,14.14,25.48,0
2264,East,Gizmo,54,5,43.25,217.66,0
2265,South,Widget,24,3,20.0,56.58,1
2266,South,Gadget,35,2,16.67,27.08,1
2267,West,Gizmo,42,12,46.15,555.52,0
2268,North,Widget,58,4,28.04,122.51,0
2269,South,Widget,32,2,14.41,19.21,0
2270,North,Gadget,53,10,34.32,344.67,0
2271,North,Gizmo,19,5,15.96,86.56,0
2272,West,Widget,23,1,14.21,26.78,0
2273,North,Gadget,31,1,18.14,32.74,0
2274,South,Gizmo,28,2,17.85,25.09,1
2275,North,Gadget,26,5,15.03,83.86,0
2276,West,Doohickey,18,2,13.41,31.81,0
2277,South,Gizmo,28,4,14.72,45.76,0
2278,West,Gizmo,24,4,17.68,66.54,0
2279,North,Widget,25,4,16.98,80.49,0
2280,West,Widget,39,8,32.09,248.43,0
2281,West,Gadget,56,6,30.82,178.92,0
2282,West,Gizmo,24,4,13.77,62.2,0
2283,West,Widget,29,3,14.33,33.16,0
2284,North,Widget,41,9,34.74,315.54,0
2285,South,Gizmo,55,9,31.86,293.17,0
2286,South,Doohickey,42,7,34.72,254.54,1
2287,South,Gizmo,57,8,25.58,208.94,1
2288,North,Widget,45,11,41.09,463.68,1
2289,West,Gadget,57,10,,378.79,0
2290,North,Gizmo,21,5,14.99,64.83,0
2291,West,Doohickey,29,2,17.51,45.87,0
2292,North,Gadget,24,4,13.39,56.63,0
2293,South,Doohickey,22,3,13.12,42.72,1
2294,East,Widget,47,10,40.05,405.77,1
2295,South,Gadget,58,13,36.81,481.42,1
2296,North,Widget,45,11,35.12,389.82,0
2297,South,Widget,32,3,8.45,21.27,0
2298,South,Gizmo,24,3,13.6,24.44,0
2299,North,Doohickey,29,3,14.23,35.42,0
2300,East,Gizmo,55,12,29.18,342.48,1
2301,West,Widget,26,2,12.95,30.44,0
2302,East,Doohickey,29,4,11.98,45.51,1
2303,West,Doohickey,48,13,28.36,364.11,0
2304,West,Doohickey,52,10,34.58,338.61,0
2305,East,Widget,59,9,39.1,357.7,0
2306,South,Widget,34,3,13.34,43.0,1
2307,East,Gizmo,33,4,13.07,55.32,1
2308,East,Widget,31,4,15.46,61.25,0
2309,South,Widget,28,2,12.7,16.55,0
2310,East,Gadget,38,8,34.58,283.15,1
2311,West,Gizmo,22,4,14.33,57.98,1
2312,South,Gizmo,25,2,8.83,15.61,1
2313,East,Doohickey,47,13,35.52,460.46,0
2314,East,Widget,30,3,20.11,55.91,0
2315,South,Doohickey,32,3,15.54,48.37,0
2316,West,Gadget,31,4,7.83,26.82,1
2317,East,Gadget,33,3,17.17,50.48,1
2318,North,Gizmo,28,2,14.88,37.1,1
2319,East,Gadget,54,10,40.16,398.34,0
2320,West,Gizmo,41,7,30.19,218.1,0
2321,East,Widget,25,4,11.63,42.18,1
2322,South,Widget,31,4,15.51,55.44,0
2323,North,Gadget,27,3,20.49,64.5,1
2324,North,Gizmo,45,5,35.5,1046.46,0
2325,East,Gadget,53,12,34.54,420.92,0
2326,East,Doohickey,41,10,30.64,302.44,0
2327,East,Doohickey,32,3,18.18,52.41,0
2328,East,Gadget,23,1,8.22,20.84,1
2329,East,Gizmo,29,3,14.1,50.01,1
2330,West,Gizmo,28,3,9.77,25.41,0
2331,South,Doohickey,31,4,19.69,83.29,0
2332,South,Gizmo,48,9,42.96,390.21,0
2333,East,Gizmo,22,5,15.65,79.37,0
2334,North,Gizmo,45,7,36.78,245.48,0
2335,South,Doohickey,42,11,42.2,467.38,1
2336,North,Doohickey,56,7,38.86,276.92,0
2337,South,Widget,25,4,19.61,76.6,1
2338,North,Widget,47,10,34.33,342.72,0
2339,East,Widget,29,2,16.03,45.29,0
2340,West,Gizmo,29,1,18.53,31.6,0
2341,South,Doohickey,23,4,15.0,385.98,1
2342,North,Widget,30,3,18.81,52.7,0
2343,North,Gadget,47,10,32.77,333.44,0
2344,West,Gadget,51,7,33.46,216.5,0
2345,South,Gizmo,54,8,33.25,261.39,0
2346,North,Doohickey,27,2,13.47,9.21,1
2347,West,Gadget,32,2,11.82,22.1,1
2348,South,Widget,55,7,39.54,274.47,0
2349,West,Widget,26,4,11.66,50.28,1
2350,East,Gizmo,45,6,31.46,186.4,1
2351,South,Doohickey,55,9,40.24,358.65,0
2352,East,Widget,49,10,31.47,307.14,0
2353,South,Gizmo,50,9,35.8,323.26,0
2354,West,Gadget,24,2,14.9,33.84,1
2355,West,Doohickey,28,2,9.43,21.2,0
2356,West,Gizmo,21,3,18.03,52.15,0
2357,West,Doohickey,30,4,9.09,45.68,0
2358,South,Doohickey,24,3,12.32,36.87,1
2359,East,Doohickey,53,9,35.31,325.43,0
2360,South,Gadget,18,4,14.81,63.62,1
2361,West,Doohickey,42,6,43.07,241.22,0
2362,South,Doohickey,56,7,31.48,208.41,1
2363,West,Gadget,50,12,29.79,356.07,0
2364,East,Gadget,29,3,18.81,56.96,1
2365,West,Widget,55,9,38.6,348.27,0
2366,South,Gadget,27,2,15.91,39.48,0
2367,East,Gadget,32,3,18.92,47.86,0
2368,South,Doohickey,25,4,15.75,61.03,1
2369,South,Widget,26,4,12.2,45.12,0
2370,East,Widget,27,2,13.86,24.1,1
2371,South,Gadget,26,3,9.85,25.96,1
2372,West,Doohickey,51,10,46.56,475.19,1
2373,North,Doohickey,28,3,12.91,28.94,0
2374,East,Doohickey,28,3,18.07,62.18,0
2375,East,Gizmo,47,8,39.83,316.39,0
2376,North,Widget,47,9,40.05,365.51,1
2377,South,Gizmo,52,9,29.37,255.11,0
2378,South,Widget,33,2,10.88,29.66,1
2379,West,Gizmo,46,12,29.09,348.96,0
2380,West,Widget,49,9,27.09,248.69,0
2381,East,Widget,30,4,16.31,74.82,0
2382,South,Gadget,30,2,17.25,29.24,1
2383,North,Gadget,57,9,27.33,252.42,1
2384,West,Gizmo,28,2,17.95,25.97,1
2385,East,Gadget,24,1,14.86,14.73,0
2386,West,Widget,43,11,42.15,466.25,0
2387,North,Widget,55,8,34.4,273.81,0
2388,South,Gizmo,38,9,36.99,330.32,0
2389,West,Widget,43,7,37.73,271.17,0
2390,South,Doohickey,52,11,31.32,358.41,0
2391,East,Widget,26,2,13.74,-3.8,0
2392,West,Widget,30,3,,35.03,1
2393,South,Doohickey,47,8,34.95,273.27,0
2394,South,Gadget,32,3,17.21,47.28,0
2395,East,Gizmo,24,3,9.42,42.84,0
2396,North,Widget,40,10,34.26,340.55,0
2397,East,Doohickey,43,11,32.78,371.84,0
2398,North,Gizmo,22,4,13.31,47.8,1
2399,East,Gizmo,28,2,12.84,13.68,0
2400,North,Gizmo,48,9,37.54,343.94,0
2401,East,Doohickey,28,3,17.07,56.16,1
2402,West,Doohickey,39,8,35.34,286.38,0
2403,West,Widget,39,10,37.16,367.26,0
2404,North,Doohickey,50,11,31.76,347.38,1
2405,South,Gizmo,27,2,14.78,25.98,1
2406,South,Gadget,47,4,23.21,95.32,0
2407,North,Doohickey,27,4,16.02,76.09,1
2408,West,Gadget,42,7,31.95,219.88,0
2409,North,Doohickey,29,2,14.88,39.7,1
2410,West,Gizmo,38,5,13.14,66.88,1
2411,East,Gizmo,50,14,26.59,380.86,0
2412,South,Doohickey,31,2,15.54,23.59,1
2413,South,Doohickey,44,8,23.02,179.51,0
2414,South,Widget,58,9,41.06,365.37,0
2415,North,Gadget,28,3,9.98,37.69,0
2416,East,Doohickey,28,2,16.09,26.97,1
2417,East,Widget,37,10,43.44,426.59,1
2418,North,Gadget,30,2,20.29,34.6,0
2419,East,Doohickey,27,3,21.6,71.41,1
2420,South,Widget,30,3,16.25,53.26,1
2421,East,Widget,24,2,10.82,25.4,0
2422,West,Doohickey,42,9,38.53,333.34,0
2423,West,Gizmo,34,2,17.23,40.4,1
2424,North,Gadget,52,10,37.88,384.73,0
2425,East,Gadget,35,1,19.96,15.82,0
2426,West,Gadget,49,11,33.62,361.03,1
2427,South,Gadget,28,4,17.22,65.83,1
2428,East,Gizmo,28,1,17.96,18.94,0
2429,East,Doohickey,45,8,38.54,311.88,1
2430,North,Doohickey,20,2,11.59,24.82,0
2431,West,Gizmo,32,4,16.74,67.09,1
2432,West,Widget,48,7,33.75,245.56,0
2433,East,Doohickey,30,3,19.57,60.91,1
2434,East,Gadget,30,4,16.73,55.57,1
2435,East,Gadget,27,3,20.66,68.49,1
2436,East,Widget,57,12,30.56,379.06,0
2437,East,Gadget,45,11,33.68,373.58,0
2438,West,Gadget,45,10,26.88,267.14,0
2439,North,Doohickey,60,10,36.93,359.96,0
2440,East,Gadget,26,4,16.85,63.08,0
2441,East,Gadget,29,2,13.4,35.28,1
2442,East,Gadget,32,3,16.08,40.58,0
2443,North,Widget,32,2,17.74,45.71,0
2444,East,Doohickey,22,3,15.61,45.57,0
2445,East,Widget,39,9,44.12,387.62,0
2446,North,Gadget,48,8,38.87,308.17,0
2447,South,Doohickey,60,8,28.61,223.99,0
2448,West,Widget,34,7,37.36,266.36,1
2449,West,Gadget,48,11,41.87,453.44,0
2450,East,Doohickey,28,3,17.78,58.81,1
2451,North,Doohickey,42,5,34.75,191.81,0
2452,East,Doohickey,39,8,38.08,308.61,0
2453,East,Doohickey,24,4,15.21,71.67,0
2454,East,Gizmo,20,3,12.75,38.74,0
2455,North,Gizmo,37,12,26.71,315.98,0
2456,West,Gizmo,30,4,15.13,61.77,1
2457,West,Doohickey,45,8,23.72,177.97,0
2458,East,Doohickey,39,9,20.96,183.33,0
2459,South,Widget,31,3,,52.52,0
2460,West,Gizmo,30,4,20.48,86.23,1
2461,West,Gizmo,33,3,14.51,40.81,0
2462,South,Gizmo,28,4,9.65,37.66,1
2463,South,Widget,21,3,17.62,62.37,0
2464,East,Gadget,45,9,34.88,318.96,0
2465,West,Gizmo,28,2,11.76,17.95,1
2466,North,Doohickey,30,2,17.08,37.74,0
2467,South,Gizmo,22,1,12.14,6.99,1
2468,South,Doohickey,41,6,37.87,224.03,0
2469,West,Doohickey,31,3,11.78,30.43,0
2470,West,Doohickey,28,3,15.36,42.83,0
2471,South,Gizmo,53,9,44.75,390.43,0
2472,West,Gadget,36,5,15.01,78.27,1
2473,East,Widget,24,2,20.52,46.56,0
2474,North,Doohickey,33,3,16.16,45.51,0
2475,North,Gadget,32,1,14.34,9.73,1
2476,East,Gizmo,27,3,15.33,43.07,1
2477,East,Widget,51,8,23.06,175.71,1
2478,South,Gizmo,28,3,15.15,34.65,0
2479,West,Widget,29,3,18.21,47.45,0
2480,East,Gadget,26,3,17.88,45.3,0
2481,West,Gadget,56,10,31.8,317.25,0
2482,East,Gadget,44,10,42.88,432.96,0
2483,North,Gizmo,27,3,18.31,53.99,1
2484,East,Doohickey,27,2,9.29,10.28,0
2485,East,Doohickey,19,2,15.71,29.54,1
2486,East,Gadget,28,4,13.22,53.96,1
2487,West,Widget,26,4,18.0,69.68,1
2488,West,Doohickey,21,3,12.32,36.96,0
2489,East,Gizmo,48,11,32.44,353.07,0
2490,West,Doohickey,26,3,17.93,55.84,0
2491,East,Gadget,33,4,14.51,65.76,0
2492,West,Widget,26,3,16.1,58.15,0
2493,South,Widget,46,8,21.05,166.69,1
2494,North,Doohickey,49,14,49.25,679.51,0
2495,North,Widget,25,2,12.03,36.29,0
2496,West,Doohickey,28,2,10.01,23.05,0
2497,West,Gizmo,39,9,38.38,339.5,0
2498,North,Gadget,34,10,34.95,343.74,0
2499,North,Gadget,29,3,15.9,48.53,1
2500,North,Widget,45,9,36.01,318.07,0
2501,South,Gizmo,46,7,42.32,297.62,0
2502,East,Widget,28,4,21.05,81.84,1
2503,East,Widget,52,9,32.2,288.3,1
2504,North,Widget,27,1,17.52,13.53,0
2505,West,Gizmo,23,4,18.6,81.4,0
2506,North,Widget,28,3,17.36,47.3,1
2507,West,Doohickey,24,4,19.57,75.39,0
2508,West,Gadget,56,7,45.8,312.12,1
2509,West,Doohickey,28,4,16.93,67.4,1
2510,West,Gadget,23,2,19.64,23.9,0
2511,East,Widget,26,2,8.45,17.33,0
2512,West,Doohickey,56,8,36.39,308.74,0
2513,West,Widget,43,9,32.51,297.85,0
2514,North,Doohickey,39,12,28.52,336.3,1
2515,East,Widget,24,2,13.84,20.89,0
2516,South,Doohickey,49,9,39.54,359.52,0
2517,South,Doohickey,62,8,41.83,323.84,1
2518,West,Widget,47,7,39.39,293.08,0
2519,West,Doohickey,25,3,16.94,56.31,0
2520,West,Doohickey,53,10,46.2,453.12,0
2521,East,Gizmo,35,2,16.9,23.19,1
2522,East,Widget,29,3,13.97,49.76,0
2523,East,Widget,32,3,18.76,68.48,0
2524,South,Widget,28,4,15.05,57.31,0
2525,South,Doohickey,24,4,13.17,53.91,1
2526,North,Gadget,25,3,17.85,60.92,1
2527,East,Gadget,24,3,19.74,43.56,1
2528,West,Gadget,41,14,35.28,485.51,0
2529,North,Gadget,33,2,13.14,22.97,1
2530,West,Widget,50,8,28.23,226.44,0
2531,West,Gadget,54,8,44.8,356.5,1
2532,East,Gadget,43,9,35.34,331.5,0
2533,South,Widget,47,6,31.39,181.91,1
2534,East,Widget,23,3,19.65,49.48,1
2535,West,Gizmo,45,10,31.0,316.38,0
2536,West,Widget,39,8,35.06,283.08,0
2537,South,Widget,27,5,22.63,119.83,0
2538,East,Gadget,27,3,14.34,36.94,0
2539,East,Doohickey,43,16,50.7,813.02,0
2540,West,Doohickey,31,3,13.16,44.1,1
2541,East,Widget,29,2,17.67,45.16,0
2542,North,Gizmo,47,11,44.24,485.36,0
2543,South,Doohickey,53,7,28.4,185.86,0
2544,West,Gizmo,27,3,15.52,45.84,0
2545,South,Gizmo,33,10,44.14,443.86,1
2546,West,Gizmo,28,2,13.06,32.64,1
2547,West,Gizmo,58,9,42.81,378.59,0
2548,South,Doohickey,47,9,37.25,328.25,1
2549,East,Widget,28,4,13.89,61.57,0
2550,East,Gadget,25,2,15.8,33.26,0
2551,South,Widget,52,11,38.94,433.18,1
2552,West,Gizmo,26,4,19.1,77.33,1
2553,North,Doohickey,29,4,11.68,34.73,1
2554,West,Gadget,20,2,16.54,40.95,1
2555,East,Gizmo,55,9,32.57,285.01,0
2556,South,Gizmo,24,2,14.35,25.43,0
2557,South,Doohickey,44,7,30.43,201.86,0
2558,East,Widget,44,12,35.62,423.38,1
2559,East,Widget,29,1,13.04,10.73,1
2560,North,Gizmo,45,7,27.82,198.79,0
2561,West,Gadget,47,9,,352.1,1
2562,North,Doohickey,32,4,16.09,60.03,1
2563,West,Gadget,51,9,35.56,319.17,1
2564,East,Gadget,34,4,11.62,49.5,1
2565,West,Widget,31,3,10.39,26.88,0
2566,South,Widget,28,4,14.57,59.31,0
2567,North,Doohickey,59,8,43.91,339.71,0
2568,South,Doohickey,50,10,47.81,481.68,0
2569,West,Gizmo,28,3,17.47,60.15,1
2570,West,Widget,41,8,33.32,267.65,0
2571,West,Gadget,46,9,24.47,229.85,0
2572,North,Doohickey,56,8,32.67,275.0,0
2573,East,Doohickey,51,9,26.57,254.55,0
2574,East,Doohickey,33,5,14.66,76.55,1
2575,South,Widget,50,11,30.56,337.41,0
2576,North,Widget,33,2,18.87,49.32,1
2577,East,Gadget,27,3,18.62,60.85,1
2578,East,Widget,30,3,17.64,67.6,0
2579,North,Widget,53,6,33.77,195.8,0
2580,North,Widget,40,10,37.39,381.62,0
2581,West,Widget,35,4,15.25,70.92,0
2582,South,Widget,24,3,17.29,52.55,0
2583,West,Doohickey,28,3,14.51,41.89,0
2584,North,Doohickey,37,11,43.76,478.94,1
2585,East,Gadget,23,5,16.16,85.08,1
2586,South,Doohickey,54,10,29.08,292.4,0
2587,North,Gizmo,26,2,14.19,20.63,1
2588,North,Widget,23,5,12.14,47.51,1
2589,North,Gadget,43,5,44.01,217.6,1
2590,West,Doohickey,22,4,10.15,37.98,0
2591,South,Gadget,29,4,17.34,74.17,0
2592,East,Gizmo,27,3,15.03,41.63,0
2593,West,Gizmo,57,11,39.24,441.1,0
2594,East,Widget,26,5,11.05,47.79,1
2595,South,Widget,30,5,12.07,60.63,0
2596,South,Doohickey,24,1,11.49,21.48,1
2597,East,Gadget,52,11,39.88,428.83,0
2598,North,Widget,35,11,49.01,550.19,0
2599,South,Widget,43,10,34.31,348.52,0
2600,North,Doohickey,28,3,17.32,64.4,1
2601,East,Widget,50,5,32.24,167.1,0
2602,South,Gizmo,24,4,21.9,93.87,0
2603,South,Doohickey,38,9,40.77,369.31,0
2604,East,Widget,46,9,,323.43,0
2605,North,Gizmo,43,12,34.81,404.67,1
2606,East,Gadget,51,9,49.99,442.09,0
2607,East,Doohickey,47,14,29.31,403.8,0
2608,South,Gadget,27,3,16.74,48.03,1
2609,South,Widget,44,11,42.91,465.42,0
2610,North,Gadget,45,9,37.47,346.48,0
2611,South,Gadget,45,6,31.35,183.76,1
2612,East,Doohickey,47,9,31.8,281.76,0
2613,East,Gadget,29,4,13.96,60.2,1
2614,North,Gadget,45,11,46.4,509.94,0
2615,North,Gadget,24,3,16.99,57.28,1
2616,East,Gadget,50,7,29.98,216.63,0
2617,East,Gadget,42,11,30.32,329.14,1
2618,North,Gadget,30,3,9.99,44.42,0
2619,West,Doohickey,46,12,33.35,400.96,0
2620,South,Widget,43,11,29.46,326.8,0
2621,West,Widget,37,10,31.33,310.62,0
2622,West,Gadget,26,4,15.13,63.4,0
2623,West,Gadget,33,2,18.88,26.52,1
2624,South,Widget,47,6,32.83,205.53,0
2625,South,Doohickey,46,7,34.85,236.95,0
2626,West,Gadget,39,9,44.18,397.57,0
2627,South,Doohickey,47,9,33.63,296.52,0
2628,North,Gadget,29,1,11.92,22.37,1
2629,East,Widget,40,3,31.53,90.24,1
2630,West,Widget,28,4,11.03,44.42,0
2631,East,Gizmo,47,8,45.36,362.23,0
2632,East,Doohickey,51,7,45.07,321.09,0
2633,South,Gadget,56,7,34.84,239.33,0
2634,East,Gizmo,47,8,38.02,308.4,0
2635,South,Gizmo,33,4,12.89,49.4,0
2636,North,Gizmo,30,4,13.27,57.71,0
2637,South,Doohickey,25,3,15.4,42.18,0
2638,North,Widget,47,7,50.66,354.58,1
2639,North,Gizmo,17,3,19.01,56.14,1
2640,West,Widget,51,9,23.42,213.88,1
2641,South,Widget,31,2,14.53,21.91,1
2642,East,Doohickey,27,3,12.98,43.15,1
2643,North,Widget,26,4,20.66,67.96,1
2644,East,Gizmo,27,4,11.83,39.08,1
2645,East,Gizmo,33,2,15.04,27.57,1
2646,North,Gizmo,28,2,12.37,18.97,0
2647,South,Gadget,50,7,32.5,230.74,0
2648,East,Gizmo,56,11,42.14,480.4,0
2649,South,Widget,45,9,35.2,320.44,1
2650,West,Doohickey,26,5,15.64,81.95,0
2651,West,Gadget,50,11,33.01,356.79,0
2652,West,Widget,47,7,33.37,240.97,1
2653,East,Gadget,38,9,36.81,321.55,0
2654,North,Gadget,26,1,16.01,14.9,0
2655,West,Gadget,46,8,26.51,207.51,0
2656,North,Gizmo,52,7,37.65,250.88,0
2657,West,Gizmo,31,2,17.09,45.7,1
2658,West,Gadget,23,2,14.52,27.45,1
2659,South,Doohickey,43,12,35.43,422.23,1
2660,East,Gadget,24,3,14.53,31.25,1
2661,South,Gizmo,29,3,10.31,24.11,1
2662,North,Gizmo,50,5,40.48,209.53,0
2663,South,Widget,28,5,18.44,90.47,1
2664,West,Gizmo,32,4,12.86,63.95,1
2665,North,Widget,30,2,15.88,24.18,0
2666,East,Widget,54,10,47.03,498.06,0
2667,East,Widget,20,3,,33.01,1
2668,East,Gizmo,45,8,32.53,264.22,0
2669,East,Doohickey,34,2,14.95,14.33,1
2670,South,Widget,46,8,37.09,293.35,0
2671,West,Widget,47,9,29.04,264.84,0
2672,East,Gadget,53,13,30.81,410.36,1
2673,North,Widget,50,7,33.73,229.84,0
2674,North,Widget,22,2,11.51,32.07,1
2675,North,Doohickey,55,11,40.53,452.0,0
2676,South,Gizmo,39,8,32.95,264.76,0
2677,West,Doohickey,45,8,39.22,306.63,0
2678,North,Gizmo,43,8,31.11,238.57,0
2679,East,Doohickey,50,14,37.55,539.67,0
2680,South,Widget,28,5,14.41,74.34,0
2681,North,Widget,27,3,15.38,45.33,1
2682,East,Gizmo,26,3,15.59,54.96,0
2683,West,Gadget,27,2,11.44,30.1,0
2684,East,Doohickey,42,9,28.15,248.07,0
2685,South,Widget,48,8,34.19,264.09,1
2686,North,Doohickey,29,4,16.74,70.31,0
2687,South,Doohickey,33,2,16.29,26.5,0
2688,South,Gizmo,62,9,36.27,342.69,0
2689,North,Doohickey,51,11,27.14,288.0,0
2690,North,Gadget,51,7,35.81,258.65,0
2691,East,Widget,52,11,39.09,444.84,1
2692,North,Doohickey,39,12,35.83,434.43,0
2693,East,Gizmo,44,10,38.15,368.95,0
2694,North,Doohickey,25,3,17.37,33.7,0
2695,South,Gadget,51,11,32.19,351.28,0
2696,West,Gadget,26,2,12.57,34.91,1
2697,East,Gizmo,31,3,13.84,49.73,0
2698,North,Doohickey,28,3,18.42,59.09,0
2699,North,Widget,30,4,15.61,71.2,1
2700,West,Gadget,26,3,16.0,45.79,1
2701,South,Gizmo,41,9,47.18,413.53,0
2702,East,Doohickey,50,10,39.44,404.58,1
2703,East,Widget,20,3,15.74,49.71,1
2704,West,Widget,56,7,30.11,206.55,0
2705,West,Doohickey,31,3,18.14,62.94,1
2706,East,Widget,26,3,15.63,54.27,1
2707,West,Gizmo,53,10,31.72,320.23,0
2708,East,Gizmo,25,3,17.32,59.97,1
2709,South,Gizmo,52,8,36.22,301.99,0
2710,West,Doohickey,52,11,35.94,409.21,0
2711,South,Gizmo,28,2,14.77,39.97,1
2712,East,Doohickey,27,3,13.83,51.45,0
2713,South,Widget,46,9,39.69,349.42,0
2714,North,Gizmo,35,10,30.33,299.85,0
2715,East,Gizmo,43,9,23.25,213.46,0
2716,North,Widget,37,1,17.11,19.51,0
2717,North,Widget,29,4,13.88,66.26,1
2718,North,Gizmo,46,7,37.11,260.61,0
2719,East,Widget,58,10,46.3,462.45,0
2720,West,Doohickey,28,4,13.88,50.96,1
2721,East,Gizmo,38,7,38.04,269.02,0
2722,South,Doohickey,54,10,34.53,345.65,0
2723,East,Doohickey,26,4,14.44,62.7,0
2724,West,Gadget,29,4,12.24,56.41,0
2725,South,Gizmo,52,12,35.08,424.84,1
2726,North,Gadget,56,8,43.55,342.29,0
2727,North,Gadget,20,5,9.51,49.89,1
2728,West,Gizmo,24,3,13.1,35.08,0
2729,North,Gadget,53,12,35.87,437.18,0
2730,South,Gizmo,28,3,18.65,61.26,0
2731,East,Doohickey,56,9,33.38,302.5,1
2732,West,Doohickey,53,6,29.45,156.39,1
2733,East,Gizmo,52,8,32.08,263.25,1
2734,East,Gadget,27,3,18.5,60.0,0
2735,East,Doohickey,32,2,12.18,33.39,0
2736,North,Doohickey,24,3,13.34,270.36,1
2737,West,Gizmo,59,11,41.27,451.43,0
2738,East,Widget,27,2,15.39,25.0,1
2739,South,Doohickey,22,2,22.68,55.84,0
2740,South,Widget,30,3,14.58,51.7,0
2741,North,Widget,34,3,,43.77,1
2742,West,Widget,26,3,14.54,47.11,1
2743,East,Widget,51,9,23.59,199.19,0
2744,South,Doohickey,55,5,23.61,110.56,0
2745,South,Doohickey,23,3,13.7,43.68,1
2746,West,Doohickey,27,4,18.19,58.23,1
2747,South,Gizmo,27,3,19.48,57.02,0
2748,East,Gizmo,48,3,35.87,92.65,0
2749,South,Doohickey,29,2,12.77,8.9,1
2750,West,Doohickey,42,12,23.14,284.94,0
2751,North,Doohickey,27,2,14.39,28.18,0
2752,East,Widget,29,3,15.3,49.25,0
2753,South,Widget,45,9,38.72,350.52,1
2754,South,Gizmo,52,12,36.35,442.44,0
2755,North,Widget,57,9,39.02,357.08,0
2756,South,Gizmo,57,10,40.08,399.63,0
2757,South,Widget,47,9,40.09,372.44,0
2758,West,Gizmo,51,9,34.42,313.58,0
2759,South,Gadget,32,3,13.54,36.57,0
2760,West,Widget,29,6,11.49,73.31,0
2761,West,Gadget,25,2,,34.45,1
2762,South,Gadget,27,3,15.6,58.75,1
2763,West,Doohickey,32,4,16.89,54.73,0
2764,South,Widget,19,1,14.55,20.61,1
2765,West,Widget,27,2,14.39,35.13,1
2766,South,Gadget,46,10,41.48,432.94,0
2767,South,Gizmo,23,3,12.09,35.14,0
2768,South,Gadget,45,5,33.58,168.37,0
2769,South,Widget,30,4,11.19,40.01,1
2770,West,Gizmo,50,9,38.2,353.55,0
2771,South,Gizmo,39,9,34.91,317.45,0
2772,North,Widget,26,5,11.87,57.98,1
2773,North,Doohickey,30,3,13.28,36.33,0
2774,North,Gizmo,62,11,37.56,399.01,0
2775,West,Gizmo,43,8,44.88,362.03,0
2776,West,Widget,28,1,21.79,17.13,0
2777,North,Widget,34,8,29.39,235.51,0
2778,West,Gizmo,43,12,31.37,371.66,0
2779,East,Gizmo,28,2,8.29,30.74,1
2780,East,Gizmo,25,2,12.8,7.25,1
2781,North,Widget,32,5,12.21,71.9,1
2782,North,Gizmo,49,9,27.42,245.69,0
2783,South,Doohickey,42,10,31.7,317.58,1
2784,East,Gizmo,47,7,28.16,186.65,1
2785,North,Gizmo,42,11,39.61,426.59,0
2786,West,Gizmo,26,3,11.27,26.34,1
2787,West,Widget,27,4,15.19,69.55,1
2788,West,Gizmo,22,2,14.7,29.87,0
2789,North,Gadget,22,4,18.25,79.76,0
2790,South,Gizmo,48,10,27.89,275.04,0
2791,North,Widget,50,10,30.7,297.43,0
2792,North,Widget,24,3,17.19,63.4,0
2793,West,Doohickey,60,11,35.22,395.16,0
2794,North,Doohickey,45,10,34.1,342.18,1
2795,West,Gadget,32,3,17.91,56.14,0
2796,East,Gadget,61,6,35.44,220.94,1
2797,West,Doohickey,50,6,40.56,229.56,0
2798,East,Gadget,48,8,42.63,338.57,0
2799,East,Gadget,61,10,29.51,297.55,0
2800,South,Gizmo,22,6,15.19,96.48,1
2801,West,Widget,47,12,40.95,486.87,0
2802,South,Gizmo,25,3,9.69,23.63,0
2803,West,Doohickey,47,9,46.08,402.51,0
2804,South,Widget,35,3,18.45,50.8,1
2805,South,Gizmo,28,2,14.04,31.63,0
2806,West,Doohickey,48,8,39.3,307.12,0
2807,South,Widget,28,3,10.81,31.49,1
2808,South,Gadget,31,1,14.31,21.69,1
2809,East,Gizmo,52,8,32.89,271.52,0
2810,South,Doohickey,26,5,18.66,98.26,0
2811,South,Doohickey,63,10,32.5,317.94,0
2812,West,Widget,22,4,13.79,58.88,1
2813,South,Doohickey,32,2,14.79,37.68,0
2814,West,Doohickey,49,13,31.21,408.74,0
2815,East,Gadget,27,3,14.11,34.26,1
2816,North,Gizmo,22,4,15.14,66.56,1
2817,South,Doohickey,42,8,45.56,375.44,0
2818,East,Widget,43,7,39.62,288.19,1
2819,North,Gadget,32,3,18.26,61.13,1
2820,West,Gadget,49,12,37.23,434.86,0
2821,North,Gizmo,49,7,41.01,1672.2,0
2822,West,Widget,40,9,34.43,314.25,0
2823,South,Gizmo,29,2,13.21,21.48,0
2824,North,Gizmo,42,8,33.41,271.37,1
2825,West,Gadget,38,12,31.29,366.38,0
2826,West,Doohickey,50,11,33.42,358.36,1
2827,South,Doohickey,23,4,12.53,38.61,1
2828,West,Gadget,47,10,43.37,416.88,0
2829,East,Doohickey,52,7,37.46,262.26,0
2830,West,Doohickey,28,2,10.04,22.28,1
2831,South,Widget,38,8,34.32,267.29,1
2832,North,Widget,46,11,48.53,537.04,0
2833,North,Doohickey,24,1,11.99,22.88,1
2834,North,Gizmo,49,8,29.89,243.01,0
2835,South,Widget,23,6,15.14,85.52,1
2836,South,Gizmo,62,10,26.17,254.6,0
2837,South,Gadget,58,9,38.49,352.97,1
2838,North,Doohickey,41,10,28.73,281.05,0
2839,South,Gizmo,35,4,12.23,47.9,1
2840,East,Doohickey,56,8,42.56,329.73,0
2841,West,Gadget,30,1,20.74,25.46,0
2842,East,Widget,57,11,35.16,389.3,0
2843,South,Gadget,45,10,37.79,379.88,0
2844,South,Widget,33,3,17.7,36.13,0
2845,East,Gadget,30,4,10.28,60.67,1
2846,South,Doohickey,32,3,12.44,44.05,1
2847,East,Gizmo,44,7,22.55,156.87,0
2848,East,Gadget,27,3,19.28,61.4,0
2849,North,Widget,31,3,13.87,38.21,1
2850,West,Widget,29,3,8.88,23.11,0
2851,East,Gizmo,27,2,9.46,21.03,0
2852,West,Widget,22,1,16.47,18.22,1
2853,East,Widget,32,3,,39.81,1
2854,West,Widget,30,2,11.89,26.28,1
2855,East,Gizmo,42,6,41.43,247.65,0
2856,West,Widget,33,3,13.73,31.79,1
2857,South,Doohickey,58,8,48.66,377.42,1
2858,South,Doohickey,51,10,34.56,349.1,1
2859,North,Gizmo,48,12,33.21,2349.48,0
2860,East,Gizmo,31,4,10.47,38.43,1
2861,South,Widget,29,3,11.22,26.42,0
2862,South,Gadget,43,8,42.28,337.19,1
2863,North,Gadget,48,5,30.28,159.78,1
2864,South,Gizmo,50,8,35.33,275.99,0
2865,West,Gizmo,31,3,11.78,33.22,1
2866,West,Gadget,28,3,12.98,45.8,1
2867,South,Widget,30,2,10.34,25.59,0
2868,North,Widget,33,4,15.53,78.94,0
2869,North,Widget,47,9,29.31,270.88,1
2870,West,Doohickey,30,2,15.52,27.14,0
2871,West,Widget,29,5,14.18,63.36,1
2872,South,Gadget,49,8,37.56,298.76,0
2873,East,Widget,53,15,38.23,581.08,0
2874,West,Doohickey,31,4,14.4,58.46,0
2875,East,Widget,26,3,15.66,52.27,1
2876,West,Widget,48,8,41.12,321.68,0
2877,East,Gizmo,63,7,37.01,270.04,1
2878,South,Doohickey,43,7,36.47,258.67,0
2879,West,Gizmo,44,8,34.18,271.09,0
2880,West,Doohickey,48,8,36.87,303.11,1
2881,South,Gizmo,26,3,17.26,50.43,1
2882,North,Gizmo,31,1,20.44,24.16,0
2883,North,Gadget,34,10,35.39,361.8,0
2884,West,Gizmo,26,4,18.36,72.76,1
2885,East,Gizmo,35,1,15.4,27.22,0
2886,West,Widget,25,2,9.04,5.93,0
2887,East,Gizmo,47,9,44.02,388.36,1
2888,South,Widget,31,4,17.04,69.45,1
2889,East,Gadget,19,2,17.6,27.3,0
2890,East,Gadget,34,4,16.72,71.34,1
2891,East,Doohickey,28,2,17.63,34.69,1
2892,West,Widget,52,9,35.41,308.79,1
2893,East,Gadget,24,2,11.48,24.88,0
2894,South,Widget,52,13,47.08,617.44,0
2895,East,Widget,30,3,17.17,66.02,0
2896,East,Gizmo,51,9,32.25,274.1,0
2897,North,Doohickey,56,8,23.9,200.03,0
2898,North,Widget,49,10,35.22,347.52,0
2899,South,Gadget,47,7,32.95,243.59,0
2900,North,Gizmo,30,2,17.46,41.62,1
2901,East,Gadget,60,8,24.49,213.3,0
2902,West,Gizmo,42,8,36.0,286.72,0
2903,West,Widget,48,8,39.4,325.33,0
2904,South,Gizmo,46,9,40.83,367.31,0
2905,East,Doohickey,40,11,36.35,405.52,0
2906,South,Widget,53,10,36.71,365.71,0
2907,North,Gadget,51,11,49.81,546.02,0
2908,West,Gizmo,49,9,38.64,347.02,0
2909,South,Gizmo,26,3,13.4,45.58,1
2910,South,Doohickey,29,3,11.14,41.09,1
2911,West,Gadget,28,2,17.51,42.66,1
2912,North,Widget,30,4,14.42,66.63,1
2913,South,Gadget,28,3,,34.49,0
2914,East,Doohickey,26,5,18.34,93.63,0
2915,West,Widget,29,4,10.94,38.01,0
2916,East,Doohickey,24,3,17.03,52.06,0
2917,North,Gizmo,58,7,33.78,231.92,0
2918,South,Doohickey,53,11,41.25,461.49,0
2919,North,Doohickey,55,11,37.58,402.8,0
2920,North,Gizmo,29,1,13.64,9.4,1
2921,South,Doohickey,34,3,10.05,27.76,0
2922,West,Doohickey,47,11,22.24,240.31,0
2923,North,Widget,28,4,14.68,69.13,1
2924,North,Widget,54,10,30.37,313.71,0
2925,West,Gizmo,31,3,12.8,39.19,0
2926,North,Widget,27,3,16.75,47.39,1
2927,North,Doohickey,51,11,32.47,364.47,0
2928,North,Gizmo,27,4,18.89,75.1,1
2929,East,Gadget,29,4,16.2,65.93,0
2930,East,Gizmo,46,8,34.23,282.16,0
2931,South,Doohickey,28,3,17.24,52.41,1
2932,North,Gizmo,42,8,37.51,308.14,0
2933,East,Doohickey,28,1,17.06,14.89,0
2934,South,Gizmo,33,3,11.21,26.4,1
2935,East,Widget,45,13,29.77,382.34,0
2936,West,Gadget,36,1,15.11,22.07,0
2937,South,Gizmo,40,7,41.78,310.89,0
2938,East,Widget,53,11,40.19,426.41,1
2939,West,Gadget,40,7,35.11,241.41,0
2940,East,Doohickey,21,3,11.95,35.49,0
2941,West,Gadget,48,12,33.72,406.98,1
2942,North,Gizmo,46,8,29.72,236.76,0
2943,South,Gizmo,52,11,22.68,266.34,1
2944,West,Gadget,22,4,17.95,63.91,0
2945,West,Widget,47,6,44.56,266.71,0
2946,East,Widget,29,3,14.21,37.42,0
2947,West,Doohickey,50,9,32.9,297.1,0
2948,West,Gadget,30,4,11.15,23.55,0
2949,North,Doohickey,45,10,34.7,358.63,0
2950,North,Doohickey,52,9,32.19,291.76,1
2951,North,Gizmo,30,1,8.52,6.99,0
2952,East,Widget,54,8,35.97,291.19,0
2953,North,Widget,51,10,34.96,356.02,0
2954,North,Doohickey,23,3,17.85,62.3,0
2955,South,Gizmo,26,4,7.34,27.72,1
2956,South,Gadget,52,8,21.61,171.83,0
2957,East,Gadget,27,2,12.39,10.57,1
2958,North,Gizmo,34,2,15.54,14.9,0
2959,South,Widget,39,9,32.53,304.25,0
2960,North,Widget,29,1,19.93,19.13,0
2961,South,Gizmo,43,8,40.69,317.42,1
2962,North,Gizmo,25,3,9.71,32.49,0
2963,South,Gadget,52,5,36.41,180.62,0
2964,West,Widget,25,3,18.43,60.56,0
2965,West,Doohickey,42,7,39.25,272.81,0
2966,West,Gadget,58,8,36.05,295.04,0
2967,North,Widget,21,2,14.88,24.44,1
2968,South,Gadget,31,5,14.08,68.83,1
2969,North,Widget,63,11,40.0,443.2,0
2970,South,Gizmo,49,9,20.91,189.76,1
2971,West,Gadget,43,9,34.12,311.08,0
2972,West,Gizmo,25,2,16.46,28.39,0
2973,West,Doohickey,47,8,48.19,379.86,0
2974,South,Widget,48,5,32.87,167.23,0
2975,East,Widget,34,2,15.41,31.05,0
2976,West,Gizmo,24,2,21.57,40.44,0
2977,West,Gadget,34,4,12.38,52.01,1
2978,North,Widget,55,6,30.02,176.22,0
2979,West,Widget,38,4,19.29,68.1,1
2980,South,Gadget,24,3,13.12,25.13,0
2981,West,Doohickey,52,11,26.51,293.53,0
2982,North,Widget,27,4,15.99,65.59,0
2983,North,Gizmo,42,10,34.53,344.31,0
2984,South,Doohickey,54,10,34.59,339.66,0
2985,South,Gizmo,48,9,20.24,194.91,0
2986,East,Doohickey,57,8,39.21,317.05,0
2987,South,Gadget,44,8,33.53,272.43,0
2988,East,Gadget,50,11,31.85,340.16,0
2989,West,Widget,50,13,39.79,514.13,0
2990,East,Widget,29,2,29.98,68.06,0
2991,West,Gadget,31,3,19.04,55.86,0
2992,South,Doohickey,51,7,36.01,246.89,0
2993,North,Doohickey,25,3,10.15,18.83,0
2994,East,Gadget,36,9,34.11,312.75,1
2995,North,Gizmo,53,9,37.42,336.96,1
2996,West,Widget,34,8,32.53,264.41,0
2997,South,Widget,34,2,11.97,27.02,1
2998,West,Gadget,33,1,12.05,13.11,0
2999,North,Gizmo,27,5,13.42,492.42,0
3000,East,Doohickey,47,7,31.05,208.29,0
3001,East,Gadget,59,10,28.68,287.96,0
3002,West,Gizmo,40,8,29.61,241.57,0
3003,East,Gadget,41,4,48.86,193.23,0
3004,West,Gizmo,34,11,33.33,378.27,1
3005,North,Gadget,41,6,30.69,180.17,0
3006,North,Doohickey,30,3,17.12,50.01,1
3007,West,Gizmo,57,6,28.07,159.58,0
3008,East,Widget,30,5,11.59,46.23,1
3009,West,Doohickey,49,7,47.74,333.78,0
3010,West,Gadget,46,9,33.29,298.71,0
3011,East,Widget,30,2,17.5,34.87,0
3012,South,Gizmo,56,10,48.87,484.68,1
3013,East,Gizmo,23,3,16.4,54.76,0
3014,East,Gadget,45,12,30.26,367.93,0
3015,North,Gizmo,33,2,16.75,41.92,1
3016,South,Gizmo,22,4,15.41,68.99,0
3017,West,Doohickey,55,8,32.8,263.96,0
3018,East,Widget,27,3,12.87,32.91,1
3019,West,Gadget,46,6,32.44,189.51,0
3020,West,Gadget,57,10,33.59,338.08,0
3021,South,Doohickey,33,6,13.71,79.03,0
3022,South,Widget,28,3,14.82,35.49,0
3023,North,Gadget,26,2,13.16,24.71,0
3024,North,Widget,26,2,16.09,39.69,0
3025,South,Widget,27,4,15.9,57.59,0
3026,South,Gizmo,39,9,34.6,312.6,0
3027,East,Doohickey,26,3,9.4,32.62,0
3028,West,Doohickey,49,11,31.37,343.24,0
3029,South,Gadget,30,3,12.08,31.56,1
3030,East,Gizmo,50,7,42.12,303.91,0
3031,South,Gadget,44,4,31.51,123.55,0
3032,North,Widget,26,4,15.48,62.1,0
3033,North,Gadget,54,11,29.51,323.11,0
3034,South,Doohickey,29,2,12.84,33.35,0
3035,East,Gizmo,28,2,,21.88,1
3036,South,Doohickey,52,7,31.36,229.75,1
3037,West,Gadget,49,10,33.65,333.08,0
3038,North,Doohickey,30,2,22.28,39.62,1
3039,East,Widget,29,5,17.25,99.13,0
3040,East,Gizmo,27,3,14.98,40.81,1
3041,South,Gadget,25,3,12.41,33.25,0
3042,West,Doohickey,26,2,14.19,28.93,1
3043,South,Gizmo,31,2,8.5,19.71,1
3044,West,Widget,49,7,27.88,188.76,0
3045,South,Gadget,23,3,13.88,54.11,1
3046,North,Widget,49,13,33.07,428.67,0
3047,North,Gizmo,54,11,38.82,430.47,0
3048,South,Gadget,48,8,40.05,318.62,0
3049,North,Gadget,30,2,10.3,21.95,0
3050,South,Doohickey,54,8,39.24,326.27,1
3051,South,Gadget,41,9,30.16,261.16,0
3052,West,Gizmo,30,3,17.28,50.62,0
3053,North,Doohickey,52,9,33.22,277.54,0
3054,West,Doohickey,31,4,16.07,62.59,0
3055,East,Gadget,47,7,28.97,195.26,0
3056,North,Widget,37,2,13.87,22.15,1
3057,West,Gadget,48,12,30.97,372.64,0
3058,East,Widget,24,1,12.13,1.3,0
3059,West,Gizmo,31,4,17.34,70.58,1
3060,East,Doohickey,30,4,16.33,68.14,0
3061,North,Gadget,28,3,11.88,33.21,1
3062,South,Gadget,26,4,10.84,35.92,1
3063,North,Gizmo,33,2,14.48,32.25,1
3064,South,Widget,28,3,15.95,55.82,0
3065,South,Gadget,55,12,30.3,363.11,1
3066,South,Doohickey,43,8,31.64,251.64,0
3067,North,Doohickey,47,9,29.6,268.05,0
3068,East,Doohickey,50,10,34.96,351.21,0
3069,East,Gadget,30,3,13.29,44.68,0
3070,West,Gadget,38,4,18.71,62.33,1
3071,East,Widget,27,1,12.66,11.75,0
3072,East,Gadget,28,4,8.28,34.25,0
3073,West,Gizmo,31,1,,-3.66,0
3074,North,Doohickey,47,7,37.87,252.86,1
3075,South,Widget,39,10,28.97,278.37,0
3076,South,Widget,46,9,33.07,316.64,0
3077,West,Widget,28,4,12.93,50.64,0
3078,West,Gizmo,43,5,22.03,104.29,0
3079,South,Doohickey,27,3,11.42,33.24,1
3080,South,Gadget,24,2,16.53,35.23,1
3081,North,Gadget,32,4,14.04,64.41,1
3082,South,Gizmo,49,11,41.19,463.51,0
3083,East,Gadget,29,2,15.46,30.79,0
3084,East,Gadget,28,4,12.92,53.48,0
3085,North,Widget,30,2,13.79,30.08,0
3086,North,Widget,34,2,15.3,20.75,0
3087,West,Widget,29,4,11.21,49.61,0
3088,West,Doohickey,31,3,15.41,44.38,0
3089,West,Gizmo,29,2,16.38,20.73,0
3090,North,Gizmo,26,3,7.33,38.76,1
3091,North,Widget,27,5,11.67,63.2,1
3092,South,Doohickey,27,2,16.74,40.89,1
3093,South,Gadget,46,8,33.13,260.92,0
3094,South,Gadget,28,3,13.96,29.95,0
3095,North,Doohickey,59,8,32.79,260.91,0
3096,West,Doohickey,49,12,26.86,313.71,0
3097,South,Gadget,22,2,18.63,26.67,1
3098,East,Gizmo,27,3,10.72,21.33,0
3099,West,Widget,28,2,17.75,36.05,1
3100,East,Widget,35,3,15.72,54.54,0
3101,East,Doohickey,33,4,18.61,77.77,0
3102,East,Gizmo,24,3,16.72,47.94,0
3103,West,Gizmo,29,1,16.06,22.73,1
3104,East,Gadget,29,3,14.52,35.08,1
3105,South,Gizmo,31,9,35.38,323.16,0
3106,North,Widget,27,2,19.72,41.69,0
3107,North,Gadget,47,8,39.59,322.79,0
3108,West,Gadget,35,5,12.27,59.4,1
3109,West,Widget,48,9,36.23,326.29,0
3110,South,Gadget,29,2,16.58,19.56,1
3111,East,Doohickey,49,8,34.16,277.24,0
3112,East,Widget,48,9,37.68,348.99,0
3113,North,Widget,33,2,15.02,24.14,0
3114,East,Widget,44,12,27.75,330.4,0
3115,North,Gizmo,26,3,16.18,46.56,0
3116,North,Widget,30,1,18.59,2.06,1
3117,West,Gadget,58,8,30.2,234.47,0
3118,North,Widget,43,7,34.83,232.4,0
3119,West,Doohickey,27,2,10.19,31.6,1
3120,East,Widget,50,9,36.36,312.57,0
3121,West,Gadget,47,8,33.69,252.7,0
3122,North,Doohickey,41,6,31.97,202.09,0
3123,West,Gizmo,33,3,13.38,30.15,0
3124,West,Widget,52,9,32.34,300.64,0
3125,East,Doohickey,24,2,18.72,47.45,0
3126,South,Gizmo,41,9,34.0,305.9,0
3127,East,Doohickey,44,11,39.29,432.86,0
3128,South,Doohickey,44,10,26.5,267.83,1
3129,South,Gizmo,53,11,32.03,355.03,0
3130,West,Gadget,45,10,30.99,306.89,0
3131,West,Gizmo,27,3,16.45,44.8,0
3132,South,Widget,26,3,13.23,50.55,0
3133,West,Gizmo,50,12,22.53,259.93,0
3134,North,Widget,24,1,15.63,2.34,0
3135,South,Widget,48,10,,336.69,0
3136,West,Widget,25,3,16.39,50.87,1
3137,West,Gizmo,41,10,31.09,311.83,1
3138,North,Gadget,21,3,15.34,39.03,1
3139,South,Doohickey,26,2,10.74,12.5,0
3140,North,Doohickey,21,2,14.59,40.01,1
3141,West,Widget,27,3,10.36,30.31,0
3142,North,Gadget,31,2,14.87,35.33,1
3143,East,Gadget,31,3,16.16,45.12,0
3144,North,Gizmo,41,8,35.04,270.48,0
3145,West,Gadget,47,9,33.13,297.22,0
3146,North,Widget,51,9,20.08,182.62,0
3147,West,Widget,56,11,31.3,346.35,1
3148,North,Doohickey,56,10,31.87,315.3,0
3149,North,Gizmo,53,12,28.07,339.85,0
3150,West,Gizmo,32,3,9.9,26.46,0
3151,West,Gadget,48,8,34.97,284.56,0
3152,South,Gadget,27,4,11.62,55.07,0
3153,South,Gizmo,29,3,12.66,45.38,0
3154,North,Gizmo,40,11,30.29,326.96,0
3155,North,Widget,28,3,13.69,37.23,1
3156,North,Gadget,51,7,26.72,181.72,1
3157,North,Gadget,53,8,40.73,328.5,1
3158,North,Gadget,52,4,32.61,135.71,0
3159,North,Widget,45,11,24.13,268.17,0
3160,West,Widget,39,8,31.21,252.25,1
3161,North,Gadget,25,4,16.29,59.78,1
3162,South,Gadget,52,9,35.96,299.36,1
3163,West,Gizmo,29,6,,118.33,1
3164,West,Gizmo,27,2,16.92,33.19,0
3165,North,Doohickey,33,4,10.6,46.71,0
3166,North,Gizmo,29,2,16.3,26.98,0
3167,North,Widget,49,10,33.18,321.3,0
3168,West,Gizmo,29,1,16.29,26.45,0
3169,North,Gizmo,47,11,34.5,382.51,0
3170,South,Widget,54,8,27.62,212.49,0
3171,South,Doohickey,44,9,25.82,224.56,0
3172,West,Doohickey,45,9,26.55,237.36,0
3173,South,Widget,28,3,17.0,49.73,1
3174,West,Widget,31,4,16.29,56.63,1
3175,South,Gizmo,48,9,36.43,338.26,1
3176,East,Gizmo,47,11,27.78,317.11,1
3177,South,Gizmo,52,15,35.79,529.74,0
3178,South,Gadget,24,2,17.12,43.22,0
3179,North,Gadget,30,3,15.72,42.85,1
3180,East,Doohickey,33,1,22.1,74.52,0
3181,South,Gadget,29,4,17.03,69.25,1
3182,South,Doohickey,24,2,17.75,33.82,0
3183,South,Gadget,56,7,38.43,266.48,0
3184,East,Doohickey,33,2,15.44,27.83,0
3185,South,Gadget,56,9,32.98,293.32,0
3186,East,Gadget,43,6,20.62,117.32,0
3187,South,Widget,56,8,37.82,309.61,0
3188,East,Widget,37,4,13.85,68.42,1
3189,East,Widget,30,3,8.33,38.3,0
3190,South,Doohickey,37,11,32.21,355.38,0
3191,South,Widget,29,3,14.35,42.49,0
3192,West,Gizmo,51,5,32.77,164.71,0
3193,East,Widget,59,9,30.95,284.42,1
3194,North,Gadget,24,2,22.7,57.28,1
3195,South,Gadget,36,10,41.03,405.2,0
3196,North,Doohickey,25,3,14.21,40.7,0
3197,West,Doohickey,33,4,13.95,62.34,0
3198,West,Doohickey,52,5,38.83,194.71,1
3199,East,Doohickey,51,9,33.92,321.5,0
3200,East,Gizmo,32,2,14.83,27.75,0
3201,West,Doohickey,46,10,44.24,432.89,0
3202,North,Doohickey,52,10,31.68,311.71,0
3203,South,Gadget,43,11,36.61,398.3,0
3204,South,Doohickey,24,5,9.56,45.03,0
3205,South,Gadget,32,4,13.12,39.43,0
3206,North,Widget,41,7,24.27,159.84,0
3207,North,Gizmo,47,9,33.23,294.57,0
3208,South,Widget,55,14,30.48,430.99,0
3209,East,Gadget,25,2,18.97,40.23,1
3210,East,Gizmo,30,2,17.65,33.99,0
3211,North,Gizmo,36,8,29.55,231.73,0
3212,South,Gadget,28,3,12.4,36.65,0
3213,South,Gizmo,27,2,17.08,36.55,0
3214,West,Widget,43,9,33.54,292.63,0
3215,North,Gizmo,46,7,24.32,162.17,0
3216,West,Widget,27,2,12.68,17.7,1
3217,West,Doohickey,23,3,21.75,57.51,1
3218,West,Doohickey,24,3,13.02,51.15,0
3219,West,Doohickey,47,10,45.39,449.58,0
3220,West,Gizmo,26,3,16.14,47.81,0
3221,North,Gizmo,54,9,51.02,468.03,0
3222,North,Gizmo,25,3,20.15,63.5,0
3223,East,Widget,46,9,39.91,345.46,0
3224,East,Gizmo,41,8,31.95,248.63,1
3225,West,Gadget,44,6,37.95,224.61,0
3226,West,Doohickey,52,8,33.2,268.49,0
3227,East,Doohickey,41,6,42.25,252.22,0
3228,East,Gadget,23,2,17.91,36.6,0
3229,West,Gizmo,52,9,30.45,284.01,0
3230,North,Doohickey,44,8,39.95,318.08,0
3231,West,Widget,47,9,29.17,255.49,0
3232,West,Gizmo,33,3,15.25,60.23,1
3233,East,Gizmo,39,10,37.43,361.23,0
3234,East,Gizmo,29,2,12.69,32.44,0
3235,South,Gizmo,56,6,41.42,244.19,0
3236,West,Doohickey,40,7,30.15,223.82,0
3237,South,Gizmo,25,4,10.25,42.54,0
3238,North,Widget,47,7,37.18,266.69,0
3239,West,Gizmo,49,5,30.74,156.94,0
3240,South,Widget,32,3,13.96,36.34,1
3241,South,Widget,25,2,11.87,16.52,0
3242,South,Gadget,31,2,20.1,44.07,1
3243,West,Widget,47,8,31.76,245.42,0
3244,South,Gadget,51,10,38.14,373.27,0
3245,South,Widget,56,9,35.21,319.22,0
3246,South,Gadget,53,11,35.16,376.87,0
3247,South,Doohickey,46,10,33.44,336.58,1
3248,West,Gadget,26,3,13.33,42.1,0
3249,East,Gizmo,28,2,11.84,24.25,0
3250,East,Gizmo,28,4,16.31,58.77,0
3251,West,Doohickey,30,4,14.16,349.98,1
3252,West,Gizmo,40,9,31.15,276.72,0
3253,East,Doohickey,28,4,17.79,69.52,0
3254,North,Doohickey,28,4,14.49,61.41,1
3255,North,Gizmo,23,3,12.08,21.93,0
3256,North,Doohickey,22,2,17.62,39.78,1
3257,West,Doohickey,27,2,15.19,26.51,1
3258,East,Gadget,28,2,13.08,26.74,0
3259,West,Widget,52,11,33.98,387.08,0
3260,East,Gizmo,26,4,11.28,40.94,1
3261,East,Doohickey,26,3,14.01,38.76,1
3262,East,Doohickey,26,1,13.98,6.45,1
3263,West,Doohickey,47,11,,318.92,0
3264,South,Gadget,42,9,43.91,400.87,0
3265,North,Doohickey,52,8,23.58,203.27,0
3266,West,Widget,48,11,36.72,408.29,0
3267,South,Gizmo,58,12,28.12,339.31,1
3268,East,Doohickey,46,8,35.07,275.33,0
3269,South,Gadget,33,4,13.42,55.97,0
3270,North,Widget,47,8,29.0,231.1,0
3271,West,Widget,32,4,20.16,78.67,0
3272,West,Doohickey,23,3,14.18,40.65,1
3273,West,Gizmo,42,6,30.55,190.48,0
3274,East,Doohickey,27,3,21.17,68.16,0
3275,West,Doohickey,28,5,19.28,104.32,1
3276,East,Gadget,54,8,30.18,241.91,0
3277,East,Widget,30,3,11.59,35.43,0
3278,South,Widget,34,5,19.34,97.62,0
3279,East,Gizmo,51,9,29.76,274.03,0
3280,East,Gizmo,48,9,26.95,236.65,0
3281,North,Gadget,31,1,14.93,12.07,1
3282,East,Gizmo,53,7,22.88,161.13,0
3283,West,Doohickey,59,9,,262.99,0
3284,South,Gizmo,26,4,14.64,45.06,0
3285,East,Gizmo,28,3,12.76,30.76,0
3286,South,Widget,24,2,19.16,38.79,1
3287,West,Widget,29,3,14.54,51.34,1
3288,East,Doohickey,28,1,12.88,-1.19,1
3289,North,Widget,31,4,13.55,60.25,0
3290,South,Widget,25,4,,68.36,1
3291,North,Doohickey,25,1,17.97,13.59,0
3292,West,Widget,30,2,21.47,48.45,1
3293,West,Gizmo,34,3,18.77,63.26,1
3294,East,Doohickey,31,5,15.81,84.4,0
3295,North,Doohickey,35,3,18.67,36.73,1
3296,North,Gadget,48,11,28.44,1920.18,1
3297,West,Doohickey,30,3,15.38,45.55,1
3298,North,Gizmo,54,7,38.27,272.77,0
3299,East,Widget,47,7,30.85,206.65,0
3300,East,Doohickey,53,9,37.31,332.33,0
3301,West,Gizmo,49,11,34.1,379.52,0
3302,West,Widget,31,2,16.59,30.3,0
3303,South,Doohickey,56,10,29.38,305.67,0
3304,South,Gadget,27,3,15.56,44.79,0
3305,North,Widget,21,3,18.55,53.68,1
3306,South,Gizmo,22,4,18.05,83.38,0
3307,West,Gadget,27,3,10.95,39.4,0
3308,South,Gadget,22,3,16.56,61.66,1
3309,West,Widget,27,3,16.33,43.18,1
3310,West,Gizmo,52,7,29.66,202.17,0
3311,East,Doohickey,54,8,36.68,296.96,0
3312,South,Doohickey,28,4,17.42,60.83,1
3313,West,Gizmo,40,12,24.89,305.25,0
3314,East,Widget,29,2,16.47,32.72,0
3315,North,Widget,30,5,15.15,87.64,1
3316,West,Gadget,45,11,35.63,393.04,0
3317,East,Doohickey,58,10,45.99,463.06,0
3318,North,Doohickey,23,4,14.02,60.5,0
3319,North,Doohickey,30,3,14.35,43.09,1
3320,South,Widget,29,3,12.05,33.33,0
3321,North,Gadget,28,3,13.8,22.07,0
3322,South,Doohickey,27,3,15.23,43.66,1
3323,West,Doohickey,44,7,33.22,238.45,0
3324,South,Gizmo,47,8,42.85,342.31,1
3325,West,Widget,26,2,10.53,28.61,1
3326,East,Gizmo,46,8,50.41,396.41,0
3327,East,Gadget,28,3,13.61,30.14,0
3328,North,Doohickey,27,3,16.69,46.53,1
3329,North,Widget,36,2,12.58,25.08,1
3330,East,Gadget,46,4,31.23,145.08,0
3331,West,Gadget,42,12,36.39,445.18,0
3332,North,Doohickey,49,7,31.36,220.16,0
3333,North,Gizmo,34,3,14.47,34.88,1
3334,South,Gizmo,43,8,33.46,256.93,0
3335,East,Widget,33,3,18.01,51.0,0
3336,West,Doohickey,27,1,12.2,8.92,0
3337,East,Doohickey,49,6,29.86,169.49,0
3338,East,Gizmo,29,4,17.04,80.89,0
3339,North,Gizmo,55,6,36.66,222.27,0
3340,South,Widget,49,14,34.12,485.24,0
3341,West,Widget,54,7,35.79,262.25,1
3342,East,Widget,28,4,17.65,61.52,1
3343,South,Gizmo,28,2,11.54,27.08,1
3344,West,Gizmo,42,10,49.08,496.02,0
3345,West,Doohickey,57,8,34.0,273.94,0
3346,South,Gadget,53,10,30.93,301.07,0
3347,East,Gadget,41,13,34.47,455.42,1
3348,East,Widget,35,3,17.89,58.05,0
3349,North,Widget,23,4,17.42,81.8,0
3350,East,Doohickey,51,7,34.32,236.21,0
3351,West,Gizmo,30,1,11.23,6.86,1
3352,West,Widget,46,8,39.94,311.4,0
3353,South,Gizmo,23,3,16.86,43.76,0
3354,West,Doohickey,49,9,30.83,269.08,0
3355,North,Gadget,64,7,37.96,264.04,0
3356,East,Gizmo,25,2,9.53,23.48,1
3357,South,Widget,20,3,11.63,31.35,0
3358,East,Gadget,47,11,41.53,461.65,0
3359,South,Widget,25,3,13.5,40.6,0
3360,North,Gadget,52,8,42.47,325.68,0
3361,West,Gadget,49,13,32.6,404.15,1
3362,East,Gadget,53,8,39.68,323.12,0
3363,North,Gadget,28,3,18.61,57.03,0
3364,East,Doohickey,49,8,33.71,288.38,0
3365,South,Gizmo,25,3,14.26,34.96,0
3366,West,Widget,53,6,21.21,122.74,0
3367,South,Widget,59,10,30.46,299.84,0
3368,North,Gizmo,31,3,11.06,28.18,1
3369,East,Widget,27,3,12.17,26.11,0
3370,East,Gizmo,22,3,16.6,53.35,1
3371,West,Doohickey,45,3,48.07,144.08,0
3372,South,Gizmo,28,4,18.15,65.31,0
3373,South,Widget,26,3,17.55,61.23,1
3374,East,Widget,46,8,31.78,247.59,0
3375,West,Doohickey,55,7,34.91,246.65,0
3376,West,Widget,53,7,35.59,246.93,0
3377,South,Gizmo,42,7,34.22,232.77,0
3378,North,Gadget,52,10,33.39,336.95,1
3379,North,Gizmo,45,11,39.2,446.24,0
3380,South,Doohickey,27,4,15.87,64.3,0
3381,South,Doohickey,49,8,34.49,273.24,0
3382,West,Doohickey,48,9,40.83,385.05,1
3383,North,Gadget,45,7,31.77,227.23,0
3384,West,Doohickey,39,11,31.73,348.29,0
3385,East,Widget,45,5,33.91,172.69,0
3386,East,Widget,26,4,19.92,86.25,1
3387,West,Doohickey,51,11,31.71,345.26,0
3388,West,Gizmo,44,9,32.19,278.07,0
3389,East,Widget,32,2,19.78,54.07,0
3390,South,Widget,51,10,30.03,299.05,1
3391,East,Gadget,22,1,18.34,33.13,0
3392,East,Doohickey,43,11,25.85,287.0,0
3393,South,Widget,60,6,41.31,260.55,0
3394,West,Gizmo,33,3,15.63,45.81,0
3395,East,Widget,34,4,14.56,50.72,0
3396,West,Widget,45,13,39.92,525.12,0
3397,East,Gizmo,25,4,16.3,60.65,1
3398,East,Gizmo,43,9,34.56,315.52,0
3399,East,Gizmo,26,1,17.54,29.77,0
3400,West,Gizmo,42,12,40.14,494.26,1
3401,North,Gadget,58,9,43.56,379.68,1
3402,West,Gizmo,45,12,26.67,336.74,1
3403,East,Gadget,32,3,13.52,39.13,1
3404,West,Gizmo,50,9,47.76,431.32,0
3405,South,Gizmo,23,3,11.39,60.12,1
3406,North,Gadget,25,2,14.64,29.96,0
3407,North,Widget,28,3,17.45,49.17,1
3408,West,Gadget,61,9,34.11,303.11,1
3409,East,Gizmo,52,7,40.9,289.78,1
3410,East,Gizmo,31,2,11.34,20.15,1
3411,South,Gadget,30,2,12.38,26.4,1
3412,East,Gadget,52,6,35.6,190.41,0
3413,South,Widget,21,2,13.17,26.89,0
3414,South,Widget,33,3,18.42,54.4,0
3415,West,Gadget,64,10,41.72,427.07,0
3416,West,Gizmo,27,4,21.28,93.37,0
3417,North,Gadget,46,7,33.7,231.55,0
3418,North,Gizmo,49,8,46.68,379.05,0
3419,North,Gizmo,23,3,14.0,52.87,1
3420,West,Gizmo,24,4,11.42,36.29,0
3421,North,Gadget,52,5,39.84,182.0,0
3422,North,Doohickey,50,7,35.71,241.66,0
3423,North,Widget,48,9,27.45,245.11,0
3424,East,Widget,30,3,12.09,47.3,0
3425,South,Widget,48,9,21.61,193.9,0
3426,North,Gadget,40,10,41.28,398.43,0
3427,West,Gadget,24,5,18.98,98.46,1
3428,East,Gizmo,59,7,35.58,239.31,0
3429,West,Gizmo,49,6,28.0,167.22,1
3430,West,Doohickey,33,2,10.68,25.81,1
3431,West,Gizmo,29,2,22.71,48.01,1
3432,South,Doohickey,41,8,36.28,289.47,0
3433,North,Gadget,29,6,18.29,106.51,1
3434,North,Doohickey,37,3,14.98,35.96,0
3435,North,Widget,31,3,18.01,44.23,1
3436,South,Widget,59,8,26.36,221.19,0
3437,North,Widget,25,4,16.04,56.27,1
3438,West,Gizmo,46,9,27.69,256.44,0
3439,North,Gizmo,53,7,41.27,285.99,0
3440,North,Gadget,48,7,28.57,207.34,0
3441,East,Doohickey,39,9,,302.66,1
3442,North,Gizmo,34,3,9.86,33.34,1
3443,West,Doohickey,29,1,10.93,10.37,0
3444,East,Gizmo,24,1,9.34,6.16,1
3445,East,Gizmo,46,7,39.04,267.84,0
3446,West,Widget,53,6,40.41,235.06,0
3447,North,Widget,30,5,19.44,92.05,0
3448,West,Gadget,44,10,37.21,379.73,1
3449,North,Gadget,63,8,35.74,298.58,0
3450,North,Gizmo,31,1,11.71,12.9,1
3451,South,Widget,26,2,15.08,29.49,0
3452,West,Doohickey,23,3,18.6,46.9,1
3453,North,Widget,38,4,18.46,76.0,1
3454,East,Gizmo,22,2,14.38,0.16,0
3455,North,Gizmo,54,7,36.59,253.08,1
3456,West,Widget,42,9,33.05,300.22,0
3457,West,Gizmo,51,7,35.58,263.95,0
3458,North,Gizmo,28,4,16.67,69.24,0
3459,West,Widget,57,9,33.71,304.97,0
3460,East,Doohickey,29,2,7.7,13.43,1
3461,West,Widget,30,3,18.22,58.62,0
3462,East,Doohickey,32,9,34.03,301.37,0
3463,North,Gizmo,52,8,38.92,303.87,1
3464,South,Widget,23,2,10.0,13.42,1
3465,West,Doohickey,36,2,16.68,40.32,1
3466,West,Gizmo,51,11,34.41,361.48,0
3467,West,Gizmo,50,9,41.03,380.84,0
3468,South,Gadget,26,2,12.25,24.93,0
3469,South,Widget,44,10,17.48,187.11,0
3470,South,Widget,49,9,30.54,275.2,0
3471,South,Gizmo,27,3,13.75,35.97,1
3472,North,Widget,53,14,28.58,399.33,0
3473,East,Widget,44,10,36.41,367.35,1
3474,South,Gadget,46,12,29.95,362.13,0
3475,North,Doohickey,32,2,17.39,35.71,0
3476,South,Widget,28,4,17.34,62.12,1
3477,West,Gadget,40,7,32.59,232.2,0
3478,North,Gadget,52,10,30.99,316.48,0
3479,North,Gadget,23,2,16.37,31.73,0
3480,South,Doohickey,50,9,39.69,344.63,1
3481,West,Gizmo,52,10,37.62,378.2,0
3482,North,Doohickey,25,2,20.79,37.98,0
3483,North,Widget,62,6,31.03,172.61,0
3484,East,Doohickey,32,3,12.36,33.09,1
3485,East,Widget,29,4,18.6,53.75,1
3486,West,Widget,30,1,18.07,19.73,0
3487,North,Widget,28,4,13.24,43.08,0
3488,North,Doohickey,48,9,,308.49,0
3489,South,Doohickey,30,3,11.37,35.04,0
3490,South,Doohickey,56,10,37.49,363.78,1
3491,East,Gadget,28,4,19.16,70.38,0
3492,West,Gizmo,54,4,31.53,128.45,0
3493,West,Gadget,31,3,14.91,50.05,1
3494,West,Doohickey,51,12,30.67,379.39,0
3495,East,Gadget,39,10,40.2,406.67,0
3496,North,Doohickey,55,8,29.93,234.61,0
3497,West,Doohickey,28,4,12.56,50.53,0
3498,North,Gizmo,25,3,13.1,56.11,1
3499,South,Widget,26,3,14.07,32.87,0
3500,West,Doohickey,20,4,13.82,55.66,0
3501,West,Gizmo,31,5,15.93,74.07,0
3502,North,Gadget,43,10,26.7,246.59,0
3503,North,Doohickey,32,2,17.05,37.78,1
3504,West,Doohickey,28,3,9.76,22.52,0
3505,North,Gizmo,29,4,14.88,61.22,1
3506,North,Gadget,51,10,31.76,311.42,0
3507,North,Widget,47,10,37.0,365.23,1
3508,West,Doohickey,55,8,40.93,330.91,0
3509,West,Doohickey,28,3,10.6,37.07,0
3510,West,Gizmo,24,2,12.9,19.0,1
3511,East,Doohickey,51,9,42.46,390.97,0
3512,North,Widget,41,9,38.99,334.1,0
3513,East,Gadget,22,3,18.81,63.63,1
3514,South,Widget,30,4,9.62,55.0,1
3515,South,Gizmo,33,3,19.5,63.03,1
3516,North,Widget,45,7,39.91,268.61,0
3517,West,Gadget,30,1,14.59,17.81,1
3518,West,Gadget,53,10,50.21,511.99,0
3519,East,Doohickey,48,9,20.3,193.35,0
3520,East,Gizmo,45,6,39.24,224.32,0
3521,North,Gadget,42,9,41.91,377.5,1
3522,West,Widget,24,2,14.56,23.25,1
3523,South,Doohickey,51,8,33.01,273.51,0
3524,East,Gizmo,32,2,,17.15,0
3525,North,Gadget,23,3,7.77,16.05,1
3526,North,Gizmo,29,3,13.83,47.24,1
3527,East,Doohickey,31,1,14.59,1.03,1
3528,North,Gadget,26,4,11.88,52.04,0
3529,East,Doohickey,27,3,20.98,67.44,0
3530,East,Widget,32,5,15.07,85.11,0
3531,South,Gadget,25,2,14.93,12.72,1
3532,East,Widget,24,5,16.27,84.33,1
3533,East,Doohickey,27,3,16.45,39.15,0
3534,South,Doohickey,38,7,32.36,225.08,0
3535,North,Gizmo,34,2,15.56,15.59,0
3536,North,Doohickey,28,2,16.72,34.7,1
3537,South,Gizmo,25,2,20.81,37.24,1
3538,North,Doohickey,32,2,17.82,180.0,1
3539,East,Gizmo,39,8,40.16,315.46,1
3540,East,Doohickey,48,11,37.94,412.71,0
3541,South,Doohickey,47,11,37.35,424.2,0
3542,West,Widget,41,6,38.68,240.91,0
3543,South,Gadget,34,2,18.15,51.29,1
3544,South,Widget,51,8,36.87,295.5,1
3545,West,Widget,29,2,15.79,43.37,1
3546,North,Doohickey,46,5,28.86,140.09,0
3547,South,Doohickey,27,2,16.7,21.62,0
3548,South,Gadget,44,10,34.94,364.13,0
3549,South,Widget,27,3,18.38,43.43,0
3550,West,Doohickey,57,7,44.05,309.45,0
3551,South,Widget,32,5,13.19,76.65,0
3552,East,Doohickey,42,8,40.96,308.47,0
3553,South,Gizmo,44,6,30.12,181.97,1
3554,North,Widget,42,8,41.36,337.38,0
3555,East,Doohickey,24,5,15.5,72.72,1
3556,South,Gizmo,34,3,15.65,48.84,1
3557,South,Doohickey,52,11,39.17,427.64,0
3558,South,Gizmo,29,3,19.23,70.06,1
3559,North,Doohickey,28,3,15.54,67.28,1
3560,South,Gizmo,29,3,15.55,60.55,0
3561,East,Gadget,31,3,14.0,36.89,0
3562,East,Doohickey,32,1,16.53,21.62,1
3563,West,Gizmo,34,3,15.53,52.9,0
3564,East,Doohickey,33,7,27.14,174.55,0
3565,East,Widget,54,9,36.74,320.52,1
3566,East,Gizmo,32,2,12.52,29.11,1
3567,South,Widget,28,2,17.81,23.48,0
3568,North,Widget,21,4,15.03,62.94,1
3569,East,Gadget,47,11,34.09,376.91,0
3570,West,Widget,34,3,18.09,48.54,0
3571,North,Doohickey,45,11,40.82,464.53,0
3572,West,Gadget,38,9,39.69,359.62,0
3573,North,Gizmo,43,8,28.57,234.92,0
3574,North,Widget,32,3,22.66,62.96,0
3575,East,Widget,48,10,35.94,350.96,0
3576,South,Gizmo,55,9,26.31,234.73,1
3577,East,Doohickey,44,6,32.14,202.5,0
3578,West,Widget,47,10,32.98,331.53,0
3579,North,Widget,49,9,29.05,262.18,0
3580,East,Doohickey,35,2,13.5,37.4,1
3581,East,Doohickey,50,10,27.74,272.9,0
3582,South,Gadget,55,11,40.44,453.49,1
3583,South,Widget,31,4,12.7,50.43,0
3584,South,Gizmo,31,3,16.03,36.26,1
3585,East,Widget,43,12,35.74,422.37,0
3586,North,Doohickey,27,3,18.84,54.59,1
3587,North,Gadget,30,3,18.79,61.51,0
3588,West,Gadget,44,8,35.35,293.78,0
3589,East,Widget,47,8,43.95,350.6,0
3590,South,Gadget,47,10,38.07,376.03,0
3591,West,Gadget,33,2,10.89,29.6,1
3592,South,Gadget,23,5,15.18,80.15,0
3593,East,Doohickey,50,10,21.63,215.41,0
3594,North,Doohickey,45,9,37.9,335.26,0
3595,West,Gizmo,26,4,17.69,79.32,1
3596,South,Doohickey,30,2,17.52,46.14,0
3597,North,Gizmo,32,3,14.47,34.38,0
3598,East,Doohickey,44,9,24.4,215.92,0
3599,North,Gadget,25,4,12.36,39.72,1
3600,North,Widget,55,8,32.83,276.38,1
3601,South,Gizmo,31,2,19.56,46.41,1
3602,East,Doohickey,55,9,24.27,220.79,0
3603,West,Gadget,28,4,15.38,57.91,1
3604,North,Gadget,48,10,32.31,311.75,0
3605,West,Widget,46,11,37.99,430.92,0
3606,West,Gizmo,21,3,16.26,29.13,0
3607,East,Doohickey,31,4,11.51,48.0,1
3608,East,Widget,45,12,23.86,289.39,0
3609,West,Doohickey,43,4,33.56,144.04,0
3610,South,Gadget,40,6,46.38,278.93,0
3611,North,Doohickey,42,12,37.24,453.93,0
3612,East,Gadget,40,8,35.26,281.61,0
3613,East,Widget,54,7,40.05,273.46,1
3614,West,Doohickey,27,2,14.96,24.13,0
3615,West,Widget,44,7,34.16,244.21,0
3616,West,Gizmo,32,4,16.15,65.11,0
3617,North,Widget,24,3,12.31,41.57,0
3618,North,Gizmo,29,4,16.62,66.41,0
3619,North,Gizmo,37,4,17.9,67.27,1
3620,East,Doohickey,26,3,14.02,31.62,1
3621,East,Gizmo,49,11,41.89,465.15,1
3622,North,Widget,30,5,12.96,72.14,0
3623,West,Doohickey,26,4,17.1,67.0,0
3624,East,Gadget,35,1,15.01,24.38,1
3625,East,Widget,47,12,31.02,380.56,1
3626,West,Doohickey,64,6,40.51,249.8,0
3627,East,Doohickey,52,11,27.46,314.73,1
3628,North,Gizmo,31,3,16.95,56.73,0
3629,South,Gadget,47,12,33.37,394.1,0
3630,North,Gizmo,46,12,32.74,392.88,0
3631,West,Widget,30,3,8.8,16.37,0
3632,North,Widget,40,10,37.39,372.55,0
3633,East,Gizmo,26,3,19.35,42.76,1
3634,East,Gizmo,46,12,27.99,326.4,0
3635,North,Gadget,52,11,37.17,404.43,1
3636,East,Doohickey,26,2,10.7,24.7,0
3637,East,Doohickey,46,6,34.55,207.44,0
3638,East,Doohickey,27,3,20.34,58.28,1
3639,West,Doohickey,31,3,14.5,51.17,1
3640,North,Doohickey,54,8,42.64,338.26,0
3641,South,Gizmo,57,11,,521.14,1
3642,East,Gizmo,57,8,36.68,306.06,0
3643,West,Doohickey,44,8,44.4,356.94,1
3644,North,Gizmo,30,4,18.49,71.83,0
3645,North,Gadget,45,6,38.72,243.14,0
3646,East,Gadget,39,14,31.02,438.17,0
3647,South,Doohickey,49,8,38.06,302.44,1
3648,East,Gizmo,39,9,,282.16,0
3649,North,Widget,52,12,33.02,386.16,0
3650,East,Widget,53,12,35.63,420.92,0
3651,East,Widget,26,1,12.74,13.86,0
3652,West,Doohickey,31,2,11.77,35.43,0
3653,North,Widget,31,3,13.38,53.12,0
3654,East,Widget,47,9,37.78,2035.74,1
3655,East,Gizmo,49,9,42.29,375.47,0
3656,West,Gadget,26,4,17.87,81.83,0
3657,South,Widget,57,11,42.42,467.29,1
3658,North,Gadget,47,8,38.76,305.15,0
3659,South,Doohickey,23,3,,32.92,0
3660,West,Doohickey,33,5,14.56,69.6,1
3661,West,Gizmo,51,11,24.35,249.67,0
3662,North,Doohickey,20,3,16.78,50.03,0
3663,East,Gadget,49,12,31.56,373.23,0
3664,West,Widget,43,9,30.11,262.35,0
3665,West,Widget,39,11,35.91,391.4,0
3666,West,Doohickey,26,4,13.24,53.13,1
3667,North,Doohickey,51,9,29.7,272.15,1
3668,South,Widget,30,2,13.97,32.44,0
3669,West,Doohickey,32,4,20.12,82.13,0
3670,East,Widget,25,3,12.09,37.15,1
3671,North,Widget,22,2,10.65,204.96,1
3672,East,Gizmo,30,5,16.68,87.08,0
3673,South,Doohickey,34,8,34.85,275.09,1
3674,South,Widget,32,4,17.33,72.67,0
3675,North,Gadget,49,7,34.56,231.02,0
3676,West,Doohickey,26,2,16.35,34.23,1
3677,West,Widget,26,3,16.48,55.64,0
3678,North,Doohickey,37,12,24.79,288.28,1
3679,East,Widget,43,8,31.46,253.96,0
3680,West,Doohickey,45,10,36.7,359.52,0
3681,North,Gadget,61,9,39.99,361.16,1
3682,West,Gadget,31,1,12.79,10.94,1
3683,East,Widget,27,3,12.69,44.74,0
3684,East,Doohickey,55,10,35.23,350.32,1
3685,East,Gadget,45,7,35.07,228.19,0
3686,West,Gadget,27,4,13.61,64.63,0
3687,South,Gadget,27,4,20.62,87.37,0
3688,West,Widget,52,13,44.22,574.63,0
3689,West,Gadget,47,10,34.4,344.21,0
3690,West,Doohickey,24,4,20.75,81.45,1
3691,North,Gadget,25,3,20.58,65.57,1
3692,West,Gadget,46,8,33.73,275.0,0
3693,South,Gadget,26,3,16.62,57.46,1
3694,West,Gizmo,32,3,17.48,49.38,1
3695,West,Gizmo,27,4,15.3,44.39,0
3696,South,Gizmo,53,9,40.73,369.65,0
3697,North,Widget,29,4,21.31,78.18,0
3698,West,Widget,24,3,19.09,39.55,1
3699,North,Doohickey,28,3,18.4,58.5,0
3700,East,Doohickey,51,10,22.15,227.64,0
3701,East,Doohickey,29,4,17.6,85.65,0
3702,East,Widget,32,4,12.88,39.51,0
3703,North,Gizmo,33,1,10.6,11.58,0
3704,East,Widget,42,10,39.02,388.52,0
3705,East,Doohickey,54,7,28.15,196.24,0
3706,West,Gadget,48,8,37.82,299.82,1
3707,South,Gizmo,36,4,19.95,85.84,1
3708,East,Doohickey,44,10,40.59,393.22,0
3709,South,Doohickey,29,2,15.57,26.41,0
3710,West,Gadget,52,6,45.54,281.76,0
3711,East,Gizmo,28,3,17.76,51.79,1
3712,South,Gadget,46,13,35.71,478.06,0
3713,North,Widget,48,11,29.48,316.21,0
3714,West,Widget,26,2,15.56,39.14,0
3715,West,Gizmo,53,8,30.59,249.56,0
3716,West,Doohickey,33,3,12.9,31.6,1
3717,North,Doohickey,31,2,15.67,32.3,0
3718,North,Gadget,30,4,12.65,56.87,1
3719,South,Widget,55,8,33.18,272.21,0
3720,South,Doohickey,23,3,16.28,50.99,1
3721,West,Gadget,59,9,43.2,378.27,0
3722,North,Doohickey,43,6,35.09,198.48,0
3723,West,Widget,50,10,39.24,402.21,0
3724,West,Gadget,52,7,45.87,317.08,1
3725,South,Gizmo,30,3,24.62,76.38,0
3726,North,Gizmo,50,8,32.8,264.36,0
3727,North,Doohickey,28,4,20.76,81.84,1
3728,West,Widget,59,6,40.48,251.84,1
3729,West,Gadget,22,3,9.81,31.64,1
3730,North,Doohickey,47,7,32.09,224.66,0
3731,North,Widget,49,8,41.68,341.44,0
3732,North,Gizmo,55,11,37.25,402.13,0
3733,West,Doohickey,32,2,16.35,37.2,1
3734,West,Widget,49,7,25.43,196.08,1
3735,West,Widget,26,1,16.9,10.76,1
3736,West,Widget,21,4,11.57,54.47,0
3737,West,Gadget,27,2,12.81,24.77,0
3738,East,Widget,45,10,35.47,363.82,0
3739,East,Gadget,50,8,35.19,276.21,0
3740,East,Doohickey,56,8,30.3,233.63,0
3741,South,Gizmo,33,3,11.91,33.44,0
3742,East,Gizmo,24,2,17.21,28.5,0
3743,East,Widget,53,6,43.45,269.29,1
3744,West,Widget,26,3,16.23,47.89,1
3745,North,Widget,30,4,18.39,62.24,1
3746,North,Widget,38,11,28.99,307.75,0
3747,North,Doohickey,31,3,15.9,35.17,0
3748,West,Widget,53,10,28.45,294.49,0
3749,North,Gadget,58,9,32.96,286.44,0
3750,North,Gadget,51,12,35.74,430.34,0
3751,South,Widget,50,8,44.77,354.15,0
3752,North,Widget,55,10,24.95,242.31,1
3753,West,Doohickey,41,8,27.97,224.67,0
3754,North,Doohickey,32,4,17.41,69.86,1
3755,West,Widget,22,3,16.33,48.89,1
3756,North,Gadget,30,5,17.7,102.64,1
3757,West,Widget,45,4,36.48,154.57,0
3758,South,Doohickey,49,8,26.56,209.93,1
3759,West,Widget,28,3,19.73,53.31,0
3760,West,Doohickey,57,7,32.43,222.89,0
3761,West,Widget,26,3,18.03,44.46,0
3762,East,Widget,46,7,43.76,307.48,1
3763,North,Gizmo,31,9,37.27,321.47,0
3764,North,Gizmo,57,13,36.19,465.2,0
3765,East,Doohickey,29,5,17.14,74.53,1
3766,East,Doohickey,30,2,14.93,24.43,1
3767,West,Doohickey,50,11,35.58,388.83,0
3768,East,Gadget,54,8,38.55,298.97,0
3769,South,Doohickey,43,9,39.56,355.45,0
3770,North,Gadget,20,3,16.11,59.28,0
3771,North,Doohickey,30,3,17.92,68.23,1
3772,North,Widget,24,1,11.37,7.15,1
3773,North,Gadget,43,11,41.44,449.95,0
3774,West,Gadget,29,2,12.46,31.0,0
3775,East,Gadget,33,2,16.37,24.45,1
3776,North,Gizmo,35,4,8.73,28.18,0
3777,South,Doohickey,47,7,40.43,287.42,0
3778,South,Gizmo,63,9,36.6,329.85,0
3779,North,Widget,54,9,29.96,276.51,1
3780,North,Gadget,29,1,17.68,19.74,0
3781,East,Gizmo,23,3,15.56,56.91,0
3782,West,Doohickey,28,5,14.96,74.27,0
3783,West,Gizmo,30,4,18.11,80.31,0
3784,West,Gadget,58,11,46.7,522.11,1
3785,North,Gizmo,45,6,27.23,172.87,0
3786,West,Doohickey,53,11,23.91,262.34,0
3787,East,Widget,27,4,14.12,58.52,0
3788,North,Gadget,31,3,14.75,38.57,1
3789,North,Gizmo,53,10,35.74,366.25,0
3790,West,Gizmo,28,4,11.8,50.48,0
3791,West,Doohickey,37,4,16.73,66.97,0
3792,South,Gadget,24,2,15.43,27.17,1
3793,West,Widget,25,3,13.18,58.04,0
3794,East,Gadget,38,8,34.86,288.41,0
3795,East,Gizmo,50,7,28.49,198.18,0
3796,West,Doohickey,30,3,13.65,51.59,0
3797,South,Doohickey,43,13,31.18,411.69,0
3798,West,Gizmo,29,3,14.17,49.99,0
3799,South,Widget,20,2,19.28,36.13,0
3800,South,Gadget,28,2,19.01,39.27,1
3801,East,Widget,40,7,39.26,273.62,0
3802,East,Doohickey,54,3,30.71,74.17,0
3803,South,Gizmo,40,11,31.41,353.57,0
3804,West,Widget,22,2,17.4,36.3,0
3805,West,Gizmo,33,4,18.58,79.13,0
3806,South,Gadget,48,6,28.43,163.65,1
3807,South,Gadget,27,3,21.49,62.63,1
3808,West,Widget,28,3,14.51,29.68,1
3809,West,Doohickey,44,12,36.05,443.12,0
3810,South,Gadget,51,5,28.28,142.15,0
3811,East,Gadget,30,3,18.19,48.71,0
3812,North,Gizmo,32,2,11.55,27.44,1
3813,East,Widget,51,6,45.92,266.77,0
3814,North,Doohickey,31,3,17.39,65.49,0
3815,East,Gadget,28,3,11.06,28.24,0
3816,North,Widget,25,2,13.55,17.8,0
3817,South,Widget,25,2,13.68,30.29,0
3818,North,Widget,47,10,37.31,372.3,0
3819,South,Gadget,47,10,22.76,225.18,0
3820,South,Doohickey,42,7,35.94,248.52,0
3821,North,Gadget,28,1,16.4,26.02,0
3822,West,Gizmo,26,4,13.13,50.9,0
3823,East,Gadget,60,6,33.07,200.73,0
3824,North,Gizmo,28,1,8.15,-1.74,0
3825,North,Gizmo,43,10,37.42,373.24,1
3826,West,Gadget,37,7,35.69,256.75,0
3827,West,Doohickey,24,3,18.03,58.77,0
3828,East,Gizmo,47,10,41.57,419.8,0
3829,South,Widget,46,10,35.88,358.88,0
3830,North,Widget,37,3,12.7,42.01,1
3831,East,Gadget,56,12,34.35,416.28,0
3832,South,Widget,24,3,19.11,70.02,1
3833,North,Widget,49,11,28.5,317.44,0
3834,South,Gizmo,55,11,41.71,455.56,1
3835,South,Widget,23,4,,77.65,0
3836,North,Doohickey,52,8,35.19,277.34,1
3837,West,Doohickey,36,3,11.41,30.43,0
3838,West,Widget,57,5,30.67,152.01,0
3839,North,Gizmo,40,9,38.02,344.3,1
3840,North,Gadget,43,9,40.0,364.56,1
3841,West,Gizmo,43,7,37.64,261.23,0
3842,East,Gadget,21,3,13.71,25.88,0
3843,North,Gadget,49,11,26.65,1767.42,0
3844,West,Gadget,29,4,16.19,74.04,1
3845,North,Gizmo,35,8,42.85,326.28,0
3846,West,Gizmo,21,2,12.62,14.43,0
3847,East,Widget,49,8,47.24,381.59,0
3848,North,Doohickey,32,3,14.12,39.67,0
3849,North,Widget,50,8,25.47,202.95,0
3850,East,Widget,28,2,11.15,13.05,1
3851,East,Doohickey,51,7,26.31,163.79,0
3852,North,Doohickey,30,4,10.83,35.7,0
3853,North,Doohickey,21,4,13.54,48.06,0
3854,North,Gizmo,24,4,8.33,24.84,0
3855,East,Gizmo,26,3,12.83,52.86,0
3856,South,Gizmo,40,10,32.57,332.73,0
3857,East,Gadget,34,3,16.84,57.19,0
3858,South,Widget,31,3,19.1,49.43,0
3859,North,Widget,24,2,9.84,23.45,0
3860,West,Gadget,27,3,15.84,54.79,0
3861,West,Widget,53,9,28.88,255.28,0
3862,West,Gadget,61,10,24.09,238.24,0
3863,West,Gadget,31,4,13.6,68.35,1
3864,East,Doohickey,41,11,23.18,250.33,0
3865,West,Gizmo,52,8,44.0,349.93,0
3866,North,Doohickey,43,10,32.85,338.31,0
3867,West,Widget,50,6,32.22,191.55,0
3868,West,Gadget,52,7,36.43,244.08,1
3869,North,Doohickey,38,3,10.38,28.49,1
3870,West,Gizmo,46,10,37.39,375.96,0
3871,North,Widget,33,4,11.7,34.07,1
3872,North,Widget,27,2,7.32,86.34,0
3873,North,Doohickey,48,8,30.38,233.63,0
3874,South,Doohickey,30,4,19.2,79.83,0
3875,East,Gadget,41,10,33.52,316.82,0
3876,East,Doohickey,49,12,37.01,440.8,1
3877,East,Gadget,46,10,29.47,290.74,0
3878,West,Gizmo,32,4,15.36,59.73,0
3879,West,Gizmo,21,4,15.22,61.57,0
3880,South,Widget,27,3,18.07,51.18,1
3881,North,Gizmo,55,15,29.9,463.65,0
3882,East,Widget,23,5,18.56,92.74,1
3883,North,Gadget,48,12,34.74,425.0,0
3884,East,Gizmo,23,2,18.88,40.64,0
3885,East,Doohickey,24,3,8.89,34.33,0
3886,South,Gizmo,27,3,16.86,50.52,0
3887,East,Doohickey,35,3,16.83,45.08,0
3888,North,Gadget,25,2,15.72,10.45,1
3889,East,Widget,21,3,16.28,43.86,1
3890,West,Doohickey,50,11,47.15,523.99,0
3891,West,Gizmo,54,10,38.52,382.39,0
3892,East,Gadget,51,4,27.19,109.72,0
3893,North,Gizmo,33,2,,50.2,1
3894,North,Widget,28,2,19.26,32.75,1
3895,South,Gadget,47,7,44.81,319.52,1
3896,North,Gadget,53,10,,304.63,1
3897,South,Gadget,44,10,31.62,320.73,0
3898,West,Gizmo,29,3,18.35,47.18,1
3899,North,Gizmo,23,3,15.38,52.05,1
3900,East,Widget,51,6,33.33,196.16,0
3901,West,Widget,50,7,37.96,256.91,0
3902,West,Doohickey,48,11,40.46,2521.68,0
3903,South,Gadget,44,10,36.39,372.41,0
3904,South,Doohickey,26,3,25.45,62.94,0
3905,North,Gadget,57,10,38.96,389.94,0
3906,East,Gadget,63,9,29.39,263.3,1
3907,East,Doohickey,51,8,38.36,300.27,0
3908,West,Gadget,54,9,33.17,303.06,0
3909,North,Gizmo,26,2,8.18,16.01,1
3910,East,Widget,56,13,36.44,473.77,0
3911,South,Doohickey,27,3,16.97,50.74,0
3912,South,Gizmo,40,13,38.1,504.72,0
3913,South,Gadget,29,4,10.4,56.6,1
3914,East,Doohickey,49,6,28.03,177.46,0
3915,North,Doohickey,56,9,43.69,395.96,0
3916,West,Doohickey,27,2,12.1,30.54,0
3917,South,Widget,29,3,17.4,65.61,0
3918,West,Widget,49,7,42.03,291.39,0
3919,West,Widget,30,3,13.0,42.54,0
3920,North,Widget,56,10,44.12,450.71,1
3921,South,Gadget,49,9,30.08,265.84,0
3922,South,Doohickey,44,7,34.08,231.11,0
3923,North,Widget,32,4,10.24,41.3,0
3924,East,Gadget,27,3,18.85,235.62,0
3925,East,Gadget,46,7,28.22,186.52,1
3926,East,Gadget,46,10,37.55,361.94,0
3927,South,Widget,51,10,35.7,350.74,0
3928,East,Doohickey,21,3,16.36,47.54,1
3929,South,Gadget,39,8,36.93,303.69,0
3930,South,Gadget,49,8,30.93,242.13,0
3931,North,Doohickey,42,6,44.19,276.43,0
3932,North,Doohickey,25,4,19.51,67.96,0
3933,South,Gadget,43,10,30.54,308.7,0
3934,West,Doohickey,40,6,42.12,255.63,0
3935,South,Gizmo,28,3,17.39,44.8,0
3936,North,Doohickey,49,12,32.67,397.61,0
3937,East,Doohickey,55,10,33.53,359.76,1
3938,North,Widget,27,2,17.86,32.54,1
3939,West,Widget,48,9,31.4,286.9,0
3940,South,Doohickey,57,9,36.66,330.79,0
3941,South,Doohickey,45,11,26.49,306.76,0
3942,North,Gizmo,31,4,11.67,43.97,0
3943,North,Widget,45,8,36.18,293.11,0
3944,South,Gizmo,44,8,42.34,331.25,0
3945,East,Gizmo,32,5,16.54,76.66,0
3946,North,Widget,51,12,25.51,308.67,0
3947,East,Widget,31,3,12.65,35.38,1
3948,South,Doohickey,28,4,12.0,41.11,1
3949,East,Gadget,54,7,37.36,255.33,0
3950,South,Gadget,28,3,11.83,39.99,0
3951,West,Widget,26,3,17.15,55.37,1
3952,North,Gizmo,30,5,15.06,72.06,0
3953,West,Widget,55,10,42.73,432.81,1
3954,East,Gizmo,31,3,12.68,36.22,1
3955,East,Gadget,44,9,31.44,293.83,0
3956,East,Doohickey,46,8,31.32,249.45,0
3957,South,Doohickey,35,10,32.36,325.44,0
3958,East,Gizmo,50,9,27.08,222.5,0
3959,South,Widget,30,3,14.88,37.68,0
3960,East,Doohickey,34,4,16.08,65.2,0
3961,South,Gizmo,51,7,53.02,370.7,1
3962,South,Widget,54,10,29.92,295.68,0
3963,North,Doohickey,47,11,32.07,356.8,0
3964,West,Widget,32,2,15.36,29.19,1
3965,North,Doohickey,28,3,16.81,46.71,0
3966,North,Doohickey,56,6,44.59,272.86,0
3967,North,Doohickey,50,8,35.95,287.6,0
3968,South,Widget,32,4,14.87,55.92,1
3969,North,Gadget,53,5,36.43,191.41,1
3970,North,Gadget,50,11,31.76,354.48,0
3971,West,Gizmo,33,3,19.8,70.15,0
3972,South,Widget,49,10,32.89,310.92,0
3973,North,Gizmo,25,3,11.62,47.87,1
3974,North,Gizmo,32,3,10.98,30.9,1
3975,North,Widget,31,3,18.31,58.28,0
3976,East,Gizmo,50,8,38.58,304.67,0
3977,West,Gizmo,53,9,24.83,219.85,0
3978,West,Gizmo,49,8,33.42,264.22,0
3979,North,Doohickey,49,11,32.8,355.6,0
3980,West,Gadget,23,2,12.9,27.4,0
3981,East,Gadget,23,4,14.51,58.86,0
3982,North,Doohickey,33,3,13.79,32.55,0
3983,East,Gizmo,47,11,36.44,390.72,0
3984,South,Gizmo,43,9,38.75,339.69,0
3985,West,Widget,46,7,30.74,209.76,0
3986,North,Doohickey,36,4,10.0,39.64,0
3987,South,Gizmo,30,5,13.35,69.35,1
3988,South,Widget,22,3,15.35,46.3,1
3989,North,Gadget,28,2,11.91,16.93,0
3990,West,Widget,25,3,8.54,34.02,0
3991,South,Widget,56,7,40.27,269.26,1
3992,North,Widget,48,10,41.53,416.95,0
3993,North,Doohickey,23,2,15.59,26.56,0
3994,East,Gizmo,19,4,13.12,50.68,1
3995,East,Gadget,53,7,36.55,258.04,1
3996,East,Widget,19,4,12.84,55.01,0
3997,West,Gizmo,27,2,17.2,44.56,0
3998,West,Gizmo,50,9,26.23,241.66,1
3999,East,Doohickey,46,7,43.55,306.34,0
4000,South,Gizmo,44,13,28.39,369.24,0
4001,North,Doohickey,28,4,13.34,54.71,1
4002,West,Gizmo,42,5,32.52,173.14,1
4003,North,Gizmo,29,2,10.67,32.08,0
4004,East,Gizmo,24,3,15.45,45.7,0
4005,East,Doohickey,47,12,38.47,449.11,0
4006,East,Gizmo,48,8,24.86,184.08,0
4007,North,Doohickey,28,3,15.51,48.45,0
4008,South,Widget,42,8,28.6,227.01,0
4009,West,Doohickey,29,3,17.21,60.82,0
4010,North,Doohickey,30,2,15.57,31.78,0
4011,North,Gadget,26,4,,36.32,1
4012,South,Widget,54,9,41.5,374.03,1
4013,South,Doohickey,42,7,32.23,221.57,0
4014,West,Gizmo,28,3,14.32,43.2,0
4015,West,Widget,31,3,14.03,60.71,1
4016,South,Doohickey,26,2,17.24,38.19,0
4017,South,Gizmo,26,2,14.93,42.49,1
4018,West,Doohickey,26,2,17.23,45.9,1
4019,West,Gizmo,26,3,16.64,47.42,0
4020,West,Gizmo,51,9,24.37,233.0,0
4021,North,Gizmo,27,3,16.88,69.27,1
4022,South,Widget,34,4,14.57,63.14,1
4023,South,Gizmo,43,10,34.33,336.02,0
4024,West,Widget,26,4,16.06,69.85,0
4025,West,Widget,29,3,9.64,35.93,1
4026,South,Gizmo,32,3,18.08,69.23,0
4027,North,Gizmo,27,3,16.25,51.83,0
4028,North,Gizmo,24,2,18.48,40.19,0
4029,East,Gizmo,43,10,39.56,389.59,0
4030,West,Gadget,31,3,12.2,36.43,1
4031,East,Doohickey,40,8,27.47,210.1,0
4032,East,Widget,50,11,27.9,301.11,0
4033,East,Gizmo,31,2,14.68,37.44,1
4034,East,Doohickey,28,4,14.84,60.36,0
4035,North,Gizmo,24,4,13.91,53.16,1
4036,South,Widget,26,1,12.14,9.07,0
4037,South,Gadget,41,7,44.99,307.01,0
4038,West,Doohickey,54,8,36.85,300.44,1
4039,East,Doohickey,27,4,16.69,78.62,1
4040,South,Gadget,35,2,17.11,24.97,0
4041,South,Widget,27,3,17.04,59.24,0
4042,North,Doohickey,46,9,42.5,384.24,0
4043,West,Doohickey,51,9,36.99,348.39,0
4044,West,Widget,36,4,19.77,80.63,0
4045,West,Gizmo,31,4,12.86,63.98,1
4046,West,Gizmo,28,2,20.56,38.25,0
4047,West,Doohickey,27,4,17.15,66.09,1
4048,West,Doohickey,28,2,17.95,25.61,1
4049,North,Gizmo,25,3,18.8,59.56,0
4050,South,Widget,23,5,16.86,73.33,1
4051,East,Widget,29,2,16.21,45.19,1
4052,West,Widget,26,4,16.03,50.93,0
4053,East,Gadget,54,9,30.78,277.57,0
4054,West,Doohickey,43,8,28.57,223.06,1
4055,North,Widget,28,2,12.39,16.39,1
4056,South,Gizmo,28,2,12.43,25.66,0
4057,South,Gadget,47,5,30.33,166.89,0
4058,West,Gadget,50,8,45.53,367.55,0
4059,North,Gadget,36,1,12.18,9.09,0
4060,East,Gadget,50,10,38.68,369.96,0
4061,East,Doohickey,31,2,19.36,34.67,1
4062,East,Gizmo,26,3,14.3,29.79,1
4063,South,Widget,55,9,35.59,335.47,0
4064,East,Gadget,53,6,35.98,217.98,0
4065,East,Doohickey,42,8,36.3,306.93,0
4066,West,Gizmo,19,2,15.85,39.02,0
4067,North,Doohickey,48,12,36.99,432.27,0
4068,South,Widget,20,4,12.95,43.12,1
4069,North,Gadget,52,7,35.35,241.61,0
4070,West,Gadget,25,4,15.8,65.15,0
4071,South,Gizmo,28,3,17.43,39.57,1
4072,South,Doohickey,47,8,34.55,279.97,1
4073,North,Gadget,45,8,41.79,337.03,0
4074,South,Gadget,54,6,31.96,182.31,1
4075,East,Gizmo,27,2,15.58,19.96,0
4076,East,Doohickey,27,3,13.59,41.28,0
4077,East,Gizmo,49,11,29.28,314.64,0
4078,North,Doohickey,51,9,44.11,402.94,0
4079,South,Widget,33,2,17.69,41.76,0
4080,West,Gadget,46,8,46.18,373.99,1
4081,East,Gadget,46,10,28.16,288.94,1
4082,North,Gizmo,30,3,13.22,41.23,1
4083,North,Widget,44,12,33.16,402.15,1
4084,South,Doohickey,43,11,30.24,327.22,0
4085,South,Gizmo,38,6,41.4,249.26,0
4086,South,Gizmo,51,12,39.87,479.08,0
4087,East,Gadget,28,2,22.28,55.02,1
4088,West,Widget,54,8,26.16,214.0,1
4089,West,Widget,50,4,,132.9,0
4090,West,Doohickey,53,6,37.2,214.67,0
4091,North,Doohickey,43,10,41.59,407.57,0
4092,South,Gizmo,26,3,13.12,45.13,1
4093,North,Widget,30,5,14.64,52.85,0
4094,West,Widget,20,2,16.3,36.74,0
4095,West,Doohickey,50,9,44.05,410.84,0
4096,North,Widget,48,8,34.65,278.22,1
4097,North,Gizmo,54,5,39.98,204.58,0
4098,East,Doohickey,29,3,15.83,57.62,1
4099,South,Widget,37,6,42.03,253.19,0
4100,South,Gadget,29,3,17.24,41.09,1
4101,South,Gadget,19,6,16.57,124.57,0
4102,North,Gizmo,53,7,33.44,238.97,1
4103,South,Widget,27,3,13.32,38.04,0
4104,South,Widget,25,3,13.66,47.96,1
4105,East,Doohickey,28,4,12.21,63.1,1
4106,North,Gadget,27,5,12.26,62.2,0
4107,South,Gizmo,33,4,14.2,58.6,0
4108,East,Doohickey,54,10,25.63,257.32,1
4109,East,Gadget,59,7,29.12,208.68,1
4110,East,Widget,29,2,16.99,18.76,0
4111,North,Widget,29,4,13.76,60.02,1
4112,South,Gadget,29,2,19.04,34.87,0
4113,South,Gadget,18,5,18.31,81.98,1
4114,West,Widget,51,10,22.47,229.47,0
4115,South,Gizmo,27,2,11.24,15.61,1
4116,South,Gadget,31,3,14.62,39.92,0
4117,West,Doohickey,31,4,11.4,44.04,1
4118,East,Doohickey,29,2,13.79,25.92,1
4119,West,Gadget,29,4,14.33,52.81,0
4120,South,Widget,33,2,16.01,22.1,0
4121,East,Gizmo,36,12,42.08,491.39,1
4122,North,Doohickey,69,6,41.85,247.31,0
4123,West,Widget,45,9,18.93,175.8,0
4124,North,Gizmo,25,5,16.47,81.5,0
4125,North,Doohickey,46,11,35.68,395.73,1
4126,West,Gadget,48,9,42.63,379.11,0
4127,West,Gizmo,27,2,13.1,37.11,0
4128,West,Gadget,18,2,15.48,27.06,1
4129,South,Widget,47,7,45.59,302.18,1
4130,West,Gadget,29,3,13.52,32.92,0
4131,North,Widget,28,2,12.75,31.88,0
4132,South,Doohickey,55,9,27.79,251.36,0
4133,North,Gadget,45,5,38.31,200.95,0
4134,South,Doohickey,50,10,34.34,348.53,0
4135,West,Gadget,42,8,36.23,288.41,0
4136,North,Gizmo,49,13,35.09,446.6,0
4137,West,Gadget,48,6,36.22,216.44,1
4138,West,Doohickey,24,2,10.35,17.58,1
4139,East,Gizmo,49,6,30.05,171.02,0
4140,West,Doohickey,41,9,35.19,319.4,0
4141,East,Doohickey,62,11,37.19,405.84,0
4142,East,Gizmo,51,12,40.5,493.11,0
4143,East,Doohickey,23,3,15.42,59.28,1
4144,East,Doohickey,25,4,16.42,58.44,1
4145,North,Gizmo,29,3,15.27,49.61,1
4146,East,Widget,31,5,15.67,74.89,0
4147,East,Gadget,28,4,17.49,56.85,1
4148,South,Widget,49,9,32.28,290.82,0
4149,South,Doohickey,54,12,30.99,359.63,0
4150,North,Doohickey,25,3,7.18,21.16,0
4151,North,Doohickey,22,4,16.89,71.58,0
4152,South,Gadget,37,8,34.59,294.0,0
4153,South,Widget,38,9,44.77,401.62,0
4154,North,Gizmo,43,11,39.79,439.24,0
4155,West,Doohickey,30,3,14.8,38.82,0
4156,East,Doohickey,32,4,15.48,77.14,0
4157,West,Gizmo,42,9,25.86,242.2,1
4158,North,Gizmo,34,1,11.88,-1.38,1
4159,East,Gadget,24,3,12.25,24.09,0
4160,North,Widget,27,2,21.33,52.95,0
4161,South,Widget,26,3,17.26,273.6,0
4162,East,Gizmo,31,1,15.05,11.36,0
4163,West,Gadget,46,9,29.29,258.8,0
4164,South,Gizmo,34,3,11.52,25.01,0
4165,South,Doohickey,51,6,37.06,226.08,0
4166,East,Doohickey,36,11,,293.52,0
4167,North,Gizmo,28,3,13.67,41.49,0
4168,East,Gizmo,26,3,22.22,56.5,1
4169,West,Doohickey,48,10,28.32,267.98,0
4170,North,Gadget,49,12,43.16,527.24,0
4171,East,Gadget,25,4,10.75,48.74,1
4172,West,Gadget,20,2,14.2,29.84,0
4173,North,Gizmo,36,8,37.6,295.15,0
4174,East,Doohickey,29,2,10.49,29.24,0
4175,North,Gadget,34,4,20.56,91.27,0
4176,South,Gadget,23,2,15.26,17.42,1
4177,South,Widget,27,2,13.03,19.84,0
4178,North,Doohickey,45,8,25.28,208.52,0
4179,South,Doohickey,36,3,16.3,50.91,1
4180,East,Doohickey,37,1,13.13,24.42,0
4181,East,Doohickey,42,10,,254.16,0
4182,North,Gizmo,32,1,16.1,20.45,0
4183,West,Doohickey,31,3,13.16,39.91,1
4184,South,Doohickey,45,12,41.64,493.77,0
4185,East,Widget,31,2,10.42,15.05,0
4186,West,Gizmo,52,10,41.17,411.6,0
4187,East,Gadget,27,4,17.79,63.01,1
4188,South,Widget,33,4,10.13,39.0,0
4189,North,Widget,28,1,13.67,12.14,0
4190,East,Doohickey,44,12,41.71,511.57,0
4191,West,Gadget,33,4,17.13,79.15,0
4192,East,Widget,21,2,16.52,42.09,1
4193,East,Gadget,42,9,31.82,291.6,0
4194,South,Gadget,33,4,20.15,76.21,0
4195,East,Doohickey,37,8,40.87,330.22,1
4196,North,Gadget,29,4,11.0,40.38,0
4197,South,Widget,52,6,42.06,254.11,0
4198,East,Widget,32,3,15.08,43.75,1
4199,South,Gadget,52,11,36.14,396.48,1
4200,South,Doohickey,27,2,12.47,19.78,1
4201,East,Gizmo,40,8,31.06,252.78,0
4202,North,Widget,42,9,40.94,365.72,1
4203,North,Gizmo,29,3,20.95,80.56,0
4204,West,Gizmo,29,5,18.19,97.67,0
4205,West,Gizmo,25,1,16.94,19.6,0
4206,East,Widget,45,10,28.25,290.34,0
4207,West,Widget,51,9,23.07,225.43,1
4208,South,Gadget,47,8,34.52,276.59,0
4209,North,Widget,29,3,11.71,38.98,1
4210,West,Doohickey,54,9,35.28,319.94,1
4211,East,Gizmo,28,3,13.7,42.26,1
4212,West,Gizmo,51,5,36.61,186.51,0
4213,South,Doohickey,29,1,17.92,18.14,0
4214,North,Doohickey,45,8,42.51,342.35,0
4215,East,Gadget,53,7,29.78,199.31,0
4216,South,Widget,46,11,37.03,401.6,0
4217,East,Gizmo,35,3,12.19,35.99,1
4218,North,Widget,30,2,15.67,16.94,0
4219,East,Doohickey,49,11,35.99,387.53,1
4220,East,Gizmo,29,2,11.67,20.18,0
4221,West,Widget,24,2,12.63,17.95,0
4222,North,Doohickey,42,9,35.12,318.06,0
4223,West,Gadget,47,8,31.52,260.9,0
4224,West,Gizmo,57,13,42.64,544.11,0
4225,North,Doohickey,50,13,47.0,603.61,0
4226,North,Doohickey,38,3,16.89,49.49,0
4227,South,Widget,28,3,12.07,29.81,1
4228,North,Gadget,44,9,27.9,246.0,0
4229,East,Widget,26,5,11.49,57.4,0
4230,South,Gizmo,30,3,15.8,67.04,0
4231,East,Gadget,25,4,13.08,42.31,0
4232,North,Doohickey,54,11,47.1,524.49,0
4233,South,Gizmo,45,8,41.2,327.63,0
4234,North,Widget,28,4,15.48,60.47,1
4235,South,Doohickey,26,4,16.28,58.54,1
4236,West,Doohickey,24,4,18.21,75.19,0
4237,West,Gizmo,47,7,21.22,147.91,1
4238,North,Gizmo,26,3,14.46,40.67,0
4239,West,Doohickey,49,12,37.58,463.46,0
4240,East,Widget,29,5,16.07,73.26,0
4241,West,Gadget,37,3,12.55,33.31,0
4242,East,Gadget,33,2,12.78,18.72,1
4243,West,Widget,48,8,25.52,194.99,1
4244,South,Gizmo,26,3,17.03,44.0,0
4245,North,Widget,35,2,20.46,35.94,1
4246,North,Gizmo,29,3,14.81,39.82,0
4247,East,Doohickey,32,2,16.7,37.87,0
4248,West,Doohickey,30,1,14.66,3.1,0
4249,South,Doohickey,45,11,30.11,326.5,0
4250,West,Widget,31,1,20.25,25.48,1
4251,South,Gizmo,30,3,10.85,45.72,0
4252,South,Gizmo,21,5,17.73,90.26,0
4253,North,Gizmo,54,11,36.27,412.09,0
4254,West,Gadget,31,4,22.67,96.14,1
4255,North,Gadget,29,4,14.16,57.16,1
4256,South,Widget,30,1,13.76,13.58,0
4257,South,Doohickey,25,1,5.39,-0.49,0
4258,South,Widget,29,3,14.02,35.81,0
4259,South,Gizmo,55,6,36.78,214.12,0
4260,North,Gadget,27,3,13.07,44.26,1
4261,North,Gizmo,25,3,16.08,44.23,0
4262,South,Doohickey,32,2,16.99,33.58,0
4263,South,Gizmo,29,3,13.79,52.69,0
4264,North,Gadget,63,5,41.64,208.37,0
4265,North,Doohickey,57,12,34.44,419.3,0
4266,East,Widget,67,12,41.72,498.12,0
4267,North,Gadget,33,2,11.16,21.9,0
4268,South,Gadget,56,11,39.57,428.0,1
4269,North,Gadget,27,3,11.18,39.01,0
4270,North,Doohickey,48,7,22.46,154.85,0
4271,East,Doohickey,46,8,32.97,272.79,0
4272,North,Widget,52,9,32.84,299.53,0
4273,East,Doohickey,46,12,33.85,407.73,0
4274,North,Gizmo,29,3,14.24,50.76,0
4275,North,Gadget,27,2,16.61,30.95,0
4276,South,Doohickey,39,9,42.04,367.55,0
4277,North,Gadget,23,4,16.31,78.29,1
4278,West,Widget,52,7,22.68,161.99,1
4279,North,Gizmo,42,11,26.49,286.13,0
4280,West,Gizmo,51,14,39.3,549.01,1
4281,East,Gadget,30,4,22.23,88.88,1
4282,West,Gadget,50,7,38.12,267.96,1
4283,East,Doohickey,27,1,,23.13,0
4284,West,Widget,26,5,13.09,59.94,1
4285,South,Gizmo,28,3,8.34,17.01,1
4286,South,Gadget,52,7,40.03,277.55,1
4287,South,Doohickey,40,8,35.02,284.08,0
4288,South,Doohickey,59,9,34.2,305.57,0
4289,West,Doohickey,42,9,35.37,328.7,1
4290,North,Widget,28,3,15.55,46.25,1
4291,East,Doohickey,30,3,15.48,31.28,0
4292,North,Widget,51,9,37.51,340.04,0
4293,East,Gizmo,30,1,17.83,-2.99,0
4294,West,Widget,26,3,13.21,38.93,0
4295,North,Gizmo,51,9,39.61,344.2,0
4296,West,Gizmo,49,9,32.62,289.07,0
4297,East,Gadget,34,5,12.25,58.4,1
4298,South,Doohickey,40,13,37.87,500.7,0
4299,West,Doohickey,29,2,14.1,10.83,0
4300,East,Doohickey,26,3,,51.0,0
4301,South,Widget,32,3,12.35,35.67,0
4302,West,Doohickey,41,11,34.67,388.34,0
4303,South,Gadget,41,4,20.33,83.45,0
4304,South,Gizmo,27,3,15.87,38.62,0
4305,North,Gizmo,52,10,26.0,257.0,0
4306,East,Gizmo,57,6,41.51,243.46,0
4307,West,Gizmo,44,7,35.66,246.25,0
4308,West,Gizmo,52,8,30.66,257.68,0
4309,South,Widget,55,7,32.62,218.58,0
4310,East,Widget,54,6,22.43,148.65,0
4311,South,Gadget,53,9,31.53,291.62,1
4312,North,Gizmo,41,10,36.94,379.08,0
4313,West,Doohickey,27,3,15.39,29.24,0
4314,West,Gizmo,27,2,15.38,21.13,0
4315,West,Doohickey,47,11,37.37,403.92,0
4316,South,Gizmo,31,4,17.31,71.37,0
4317,North,Gadget,51,10,,322.34,0
4318,East,Gadget,25,4,11.51,44.14,0
4319,West,Doohickey,45,9,31.19,272.77,1
4320,South,Gizmo,22,2,15.71,31.66,1
4321,West,Doohickey,54,7,48.48,336.31,0
4322,North,Widget,27,2,12.26,26.99,1
4323,North,Widget,28,3,13.39,20.9,1
4324,North,Gadget,28,2,20.72,40.15,0
4325,East,Doohickey,43,7,29.83,210.9,0
4326,North,Doohickey,26,4,9.1,49.08,1
4327,North,Doohickey,49,10,36.71,354.15,1
4328,South,Doohickey,33,4,12.7,47.8,0
4329,East,Widget,26,3,17.78,54.2,0
4330,South,Doohickey,52,13,36.44,477.04,0
4331,West,Gizmo,25,1,8.19,22.54,0
4332,North,Gadget,29,3,14.25,36.06,1
4333,West,Widget,52,11,24.76,269.81,0
4334,North,Gadget,49,9,33.3,310.3,0
4335,South,Widget,55,9,49.14,438.63,0
4336,North,Gizmo,30,2,16.12,45.6,0
4337,North,Gizmo,43,7,24.38,151.08,1
4338,West,Widget,33,3,18.9,55.82,0
4339,North,Doohickey,49,10,38.26,378.68,0
4340,West,Gadget,42,7,31.99,213.8,0
4341,West,Gizmo,30,2,12.27,35.71,1
4342,West,Doohickey,31,2,13.15,22.0,1
4343,South,Gizmo,29,5,10.72,51.53,0
4344,South,Doohickey,27,2,14.48,37.14,0
4345,South,Widget,27,2,12.58,18.97,0
4346,South,Widget,50,9,33.25,297.36,0
4347,North,Gadget,29,3,16.52,60.65,0
4348,East,Doohickey,25,4,15.4,53.07,0
4349,South,Doohickey,48,11,23.49,260.24,1
4350,South,Doohickey,34,3,14.23,45.59,1
4351,North,Widget,54,7,41.74,298.18,0
4352,West,Doohickey,54,8,45.73,382.76,0
4353,South,Widget,45,7,28.31,195.71,0
4354,East,Doohickey,30,3,11.76,39.63,1
4355,South,Widget,25,1,16.45,33.45,1
4356,West,Gizmo,56,6,37.01,227.42,0
4357,South,Widget,48,6,30.85,184.18,1
4358,South,Doohickey,24,2,18.19,46.98,0
4359,South,Gizmo,40,4,23.1,78.47,0
4360,East,Widget,49,13,35.05,456.51,0
4361,South,Doohickey,27,4,21.69,84.84,1
4362,East,Widget,58,7,51.17,372.91,0
4363,East,Gizmo,22,3,13.8,32.42,0
4364,West,Doohickey,50,9,34.75,308.42,0
4365,East,Gizmo,48,9,32.8,292.47,0
4366,East,Widget,53,8,35.08,284.64,0
4367,North,Doohickey,26,5,17.97,99.52,0
4368,South,Doohickey,24,5,12.3,67.26,0
4369,South,Doohickey,60,11,30.31,338.48,0
4370,South,Gizmo,51,11,31.78,347.96,0
4371,East,Gizmo,38,11,38.97,433.04,0
4372,West,Gizmo,29,4,11.58,44.22,0
4373,East,Gizmo,25,5,14.44,80.28,0
4374,North,Gadget,47,9,37.89,349.37,1
4375,North,Doohickey,25,2,18.68,48.64,1
4376,West,Gizmo,43,8,35.75,285.01,0
4377,East,Widget,30,5,10.77,53.09,1
4378,North,Gadget,25,2,11.49,25.39,1
4379,East,Gadget,30,3,12.03,25.4,0
4380,North,Gadget,47,11,32.41,353.21,0
4381,North,Widget,56,9,28.91,265.1,1
4382,North,Doohickey,29,3,17.08,62.94,0
4383,East,Doohickey,33,4,18.69,78.08,0
4384,North,Widget,52,11,36.57,410.71,0
4385,South,Gizmo,29,4,14.32,59.85,0
4386,West,Gizmo,49,11,45.01,507.81,1
4387,West,Doohickey,26,4,9.05,37.05,1
4388,South,Gizmo,24,3,12.75,28.19,0
4389,South,Doohickey,33,4,8.42,28.98,0
4390,North,Doohickey,44,8,39.82,323.53,0
4391,West,Gizmo,31,3,10.44,25.18,0
4392,North,Gizmo,45,12,28.35,329.75,0
4393,South,Gizmo,34,3,,34.83,0
4394,South,Widget,27,4,15.16,60.32,0
4395,West,Gadget,56,9,36.21,319.23,0
4396,North,Doohickey,60,9,38.36,354.84,0
4397,South,Widget,34,2,15.06,22.32,0
4398,East,Gizmo,24,4,14.85,67.56,0
4399,East,Gadget,25,5,10.48,53.4,1
4400,South,Gizmo,49,10,36.97,359.35,0
4401,East,Widget,32,4,13.99,63.71,0
4402,East,Widget,25,6,18.45,107.1,0
4403,West,Gadget,24,3,16.69,50.54,0
4404,East,Gadget,47,10,39.04,407.55,1
4405,East,Gadget,28,3,12.79,46.31,0
4406,West,Gizmo,48,6,35.46,197.94,0
4407,North,Gadget,34,4,15.96,62.22,1
4408,East,Widget,20,5,9.63,46.82,0
4409,North,Doohickey,23,2,16.73,32.67,0
4410,West,Widget,28,4,12.75,40.51,0
4411,West,Gadget,39,3,19.32,56.03,0
4412,East,Gadget,37,7,34.82,238.36,1
4413,South,Gizmo,29,3,13.3,39.58,0
4414,East,Widget,51,10,38.71,369.02,0
4415,North,Gizmo,20,2,10.17,18.72,0
4416,North,Gadget,28,4,15.63,64.38,0
4417,West,Doohickey,28,3,14.89,28.19,1
4418,North,Doohickey,27,4,20.53,82.69,1
4419,East,Gizmo,55,9,28.02,251.69,0
4420,South,Gadget,25,2,12.15,23.27,0
4421,South,Gadget,40,11,31.18,355.89,0
4422,East,Widget,51,8,40.24,315.86,0
4423,North,Gizmo,56,7,46.08,326.87,0
4424,West,Doohickey,27,3,16.31,42.13,1
4425,North,Doohickey,28,3,14.29,37.35,1
4426,South,Widget,53,12,35.59,423.71,0
4427,North,Gizmo,25,3,17.75,57.06,0
4428,South,Widget,32,4,18.41,75.94,0
4429,North,Widget,53,8,32.48,259.81,0
4430,West,Gizmo,48,12,24.62,306.59,0
4431,East,Widget,48,7,39.66,276.33,0
4432,West,Gizmo,24,4,18.7,79.91,0
4433,South,Gadget,45,9,32.08,270.11,0
4434,South,Doohickey,32,3,18.82,62.39,1
4435,South,Gizmo,50,9,36.67,340.09,1
4436,East,Gadget,57,14,29.02,413.42,0
4437,North,Gadget,34,10,29.02,294.2,0
4438,West,Widget,52,6,36.95,227.52,0
4439,North,Doohickey,29,2,15.73,30.03,0
4440,North,Gadget,27,4,17.1,65.06,0
4441,South,Widget,29,2,14.82,42.89,1
4442,South,Gizmo,32,2,12.16,14.72,1
4443,West,Gizmo,52,13,47.72,614.31,0
4444,East,Widget,20,3,11.39,32.98,1
4445,South,Gizmo,50,6,36.3,220.33,1
4446,West,Widget,24,3,17.84,53.0,0
4447,South,Doohickey,31,1,12.31,5.82,0
4448,East,Widget,28,4,20.39,499.92,1
4449,East,Gizmo,52,7,32.86,238.5,1
4450,South,Widget,41,11,37.22,413.68,1
4451,North,Gadget,49,8,40.36,313.2,0
4452,North,Gadget,27,3,9.59,28.11,0
4453,South,Doohickey,22,2,21.47,218.46,1
4454,West,Widget,44,10,28.56,288.29,1
4455,East,Gizmo,42,12,34.79,414.97,1
4456,South,Gadget,32,4,13.82,45.65,0
4457,East,Gadget,49,10,31.69,310.53,0
4458,North,Gizmo,27,4,15.39,60.53,0
4459,West,Doohickey,29,3,15.38,42.83,1
4460,North,Gizmo,39,10,43.78,431.06,0
4461,North,Widget,26,4,18.45,74.94,1
4462,North,Gadget,29,3,15.94,45.97,0
4463,West,Widget,45,9,28.01,241.04,1
4464,North,Gadget,51,7,26.06,188.71,0
4465,South,Gadget,29,1,10.81,25.44,1
4466,South,Gizmo,17,3,13.28,56.14,1
4467,East,Gadget,45,7,39.73,278.59,0
4468,East,Gizmo,48,10,34.07,344.89,1
4469,South,Gadget,36,6,23.81,135.87,0
4470,East,Gizmo,57,10,33.42,332.81,1
4471,North,Gizmo,28,1,13.79,12.9,1
4472,North,Gizmo,56,5,36.26,181.19,0
4473,West,Doohickey,24,1,15.49,20.26,0
4474,East,Gizmo,21,5,15.67,82.88,0
4475,East,Gadget,43,9,38.86,353.6,0
4476,South,Doohickey,31,2,14.99,40.34,1
4477,North,Doohickey,46,7,41.1,293.65,0
4478,East,Gadget,32,3,15.72,67.4,1
4479,East,Widget,46,6,32.4,185.44,0
4480,South,Gizmo,39,7,33.21,239.27,0
4481,East,Doohickey,27,3,12.92,47.12,1
4482,East,Gadget,28,2,15.06,19.39,0
4483,East,Doohickey,46,8,31.34,253.18,0
4484,West,Widget,26,5,12.87,69.99,1
4485,East,Widget,23,3,9.06,20.92,1
4486,East,Gadget,31,3,20.57,52.38,1
4487,South,Widget,52,9,32.2,291.1,0
4488,West,Widget,35,3,13.79,34.05,1
4489,East,Gizmo,44,6,39.76,238.84,0
4490,East,Gizmo,25,1,18.31,23.77,0
4491,West,Gizmo,26,3,14.87,45.6,1
4492,East,Doohickey,27,3,16.6,47.69,1
4493,North,Widget,50,9,33.7,302.02,1
4494,South,Widget,24,2,17.8,29.35,0
4495,West,Widget,22,4,14.39,58.97,0
4496,South,Gadget,50,7,25.59,177.93,0
4497,West,Widget,14,2,14.92,28.51,1
4498,West,Gizmo,28,3,11.29,34.09,0
4499,North,Widget,24,4,15.77,61.7,0
4500,East,Doohickey,31,4,13.94,50.64,0
4501,West,Widget,41,11,29.07,334.09,0
4502,East,Doohickey,48,9,26.47,233.79,0
4503,West,Gizmo,49,10,39.89,405.35,0
4504,West,Gadget,53,12,32.06,388.51,0
4505,South,Widget,25,4,14.6,59.0,1
4506,South,Doohickey,29,5,15.07,70.89,0
4507,East,Gadget,21,3,16.31,58.93,1
4508,North,Widget,38,7,37.42,252.42,0
4509,West,Gadget,27,3,16.37,69.36,1
4510,East,Doohickey,40,6,30.73,185.78,0
4511,North,Gizmo,21,4,11.72,53.69,0
4512,North,Widget,41,4,23.23,113.57,1
4513,South,Doohickey,20,3,14.53,47.02,1
4514,South,Gizmo,41,9,35.44,328.14,0
4515,South,Doohickey,36,9,38.55,361.73,0
4516,North,Gizmo,46,10,42.23,430.41,0
4517,East,Widget,28,3,8.59,34.63,0
4518,South,Gizmo,30,1,9.23,16.03,1
4519,East,Gadget,44,7,35.22,259.75,0
4520,East,Gizmo,27,2,19.68,43.19,0
4521,East,Widget,46,15,33.29,504.85,1
4522,West,Widget,50,11,31.82,343.19,0
4523,South,Gizmo,45,11,32.24,370.46,0
4524,East,Doohickey,62,6,33.49,213.64,0
4525,South,Widget,41,11,50.66,566.34,0
4526,South,Gizmo,21,2,15.13,32.7,0
4527,East,Gadget,27,4,12.82,44.9,0
4528,West,Doohickey,26,3,14.07,35.94,1
4529,North,Widget,33,2,12.18,95.58,0
4530,South,Gizmo,48,7,35.92,256.02,0
4531,North,Doohickey,30,2,19.81,27.17,0
4532,South,Gadget,19,2,13.22,31.6,0
4533,East,Gadget,50,4,32.63,138.46,0
4534,East,Gizmo,46,9,32.07,279.7,0
4535,East,Gadget,28,2,19.84,39.33,0
4536,West,Gadget,45,8,33.87,279.68,0
4537,West,Gizmo,29,3,14.03,34.8,0
4538,West,Widget,56,7,32.33,212.31,0
4539,East,Gizmo,39,12,31.64,372.14,1
4540,East,Gizmo,48,11,42.96,479.71,0
4541,West,Gadget,43,9,28.23,253.84,0
4542,North,Widget,41,9,47.86,420.44,0
4543,South,Widget,29,8,27.12,224.85,0
4544,North,Doohickey,46,11,27.15,307.07,0
4545,East,Widget,31,5,18.14,97.77,0
4546,North,Widget,56,6,31.74,174.54,0
4547,East,Doohickey,54,8,38.34,294.2,1
4548,East,Doohickey,51,8,36.42,294.78,1
4549,South,Widget,52,11,31.11,340.35,0
4550,West,Gizmo,53,11,37.31,409.3,1
4551,East,Gizmo,27,3,11.74,29.06,1
4552,South,Gizmo,28,2,17.92,29.04,1
4553,North,Gizmo,27,4,11.71,51.57,1
4554,West,Doohickey,45,9,39.36,351.49,0
4555,South,Gizmo,44,9,44.84,2438.04,1
4556,East,Gadget,25,3,11.77,36.04,0
4557,East,Widget,21,3,18.4,50.69,0
4558,East,Gizmo,58,11,27.4,317.18,0
4559,North,Gizmo,53,11,29.28,311.69,0
4560,East,Doohickey,55,9,37.16,328.93,0
4561,South,Doohickey,32,3,9.53,28.09,1
4562,West,Widget,24,1,8.95,0.28,0
4563,East,Doohickey,25,4,11.96,46.78,1
4564,North,Gizmo,22,5,19.59,106.0,0
4565,East,Gadget,51,10,17.26,172.46,1
4566,East,Widget,28,3,17.73,265.32,1
4567,West,Doohickey,52,10,49.05,487.72,0
4568,East,Gizmo,43,12,33.13,395.6,0
4569,South,Widget,30,4,18.85,72.95,1
4570,South,Widget,22,4,14.65,56.84,0
4571,South,Gadget,53,7,33.52,235.37,0
4572,South,Gadget,32,3,10.48,46.4,1
4573,North,Widget,26,3,17.49,54.27,1
4574,South,Gizmo,42,8,32.58,266.74,0
4575,North,Gadget,57,6,34.14,204.69,1
4576,West,Gizmo,56,6,38.82,237.82,0
4577,West,Doohickey,32,4,13.59,48.08,1
4578,East,Gizmo,28,4,14.02,64.83,1
4579,North,Widget,27,3,13.35,33.67,1
4580,North,Gadget,33,3,14.23,65.2,0
4581,West,Gizmo,23,2,15.5,28.31,0
4582,North,Widget,51,9,26.55,240.01,0
4583,East,Gizmo,25,4,19.47,70.46,1
4584,South,Gizmo,44,11,37.35,422.3,0
4585,North,Doohickey,58,10,,319.79,0
4586,South,Doohickey,50,8,28.1,206.33,0
4587,West,Gizmo,25,3,13.91,47.79,1
4588,East,Doohickey,27,3,16.48,64.93,0
4589,East,Doohickey,39,10,35.89,354.63,0
4590,West,Widget,36,4,16.81,69.83,1
4591,West,Doohickey,51,11,44.15,480.74,0
4592,South,Gadget,33,3,14.15,39.02,1
4593,South,Gizmo,32,3,12.71,44.65,1
4594,East,Gizmo,46,10,29.85,306.84,0
4595,West,Gadget,51,9,38.33,353.04,0
4596,South,Doohickey,29,2,12.75,21.24,1
4597,North,Widget,53,9,41.63,370.99,0
4598,West,Doohickey,28,4,8.19,28.24,0
4599,West,Widget,50,10,35.63,360.23,0
4600,North,Gizmo,62,11,40.08,442.12,0
4601,South,Gadget,46,9,34.13,308.78,0
4602,South,Gizmo,49,8,24.06,206.42,0
4603,North,Doohickey,29,3,14.93,40.92,1
4604,East,Doohickey,36,9,33.37,305.63,1
4605,South,Doohickey,29,2,18.95,49.33,1
4606,West,Gizmo,23,3,20.61,54.93,1
4607,East,Gizmo,29,2,17.33,31.26,1
4608,South,Gizmo,29,4,11.61,51.81,1
4609,East,Gadget,44,7,39.04,278.62,0
4610,East,Widget,29,2,14.62,27.44,0
4611,South,Doohickey,33,5,12.87,59.51,1
4612,West,Gadget,22,4,18.94,72.35,1
4613,East,Gadget,41,14,30.3,431.38,1
4614,South,Widget,40,8,34.17,263.45,0
4615,North,Gadget,47,8,45.1,347.66,0
4616,East,Doohickey,29,4,13.6,55.28,0
4617,North,Gadget,35,1,10.91,3.74,0
4618,North,Widget,45,7,40.54,284.73,0
4619,South,Widget,47,8,39.15,314.66,1
4620,West,Gizmo,45,12,33.97,416.14,1
4621,West,Gadget,41,10,27.13,258.87,0
4622,West,Gizmo,42,9,38.93,352.55,0
4623,East,Doohickey,50,9,,243.23,1
4624,West,Doohickey,30,3,17.54,37.68,1
4625,West,Doohickey,24,4,12.5,50.6,0
4626,North,Gizmo,30,3,17.36,55.91,1
4627,West,Gadget,25,3,14.89,26.57,0
4628,West,Widget,27,3,17.59,44.33,1
4629,West,Widget,57,7,42.23,292.52,0
4630,West,Gadget,34,3,16.81,41.65,1
4631,West,Gadget,30,2,17.57,39.34,0
4632,North,Gadget,33,4,15.9,62.76,1
4633,East,Gadget,40,1,22.93,21.87,1
4634,North,Gizmo,28,3,13.58,33.26,0
4635,East,Gizmo,34,5,16.45,86.94,0
4636,North,Gizmo,46,8,46.66,381.47,1
4637,South,Doohickey,53,9,43.89,394.63,1
4638,South,Gizmo,25,3,13.99,40.68,1
4639,East,Gadget,46,7,27.43,181.79,1
4640,East,Widget,37,11,41.12,448.19,0
4641,West,Gizmo,54,9,26.56,230.46,0
4642,West,Widget,23,2,13.43,32.18,1
4643,South,Widget,48,9,35.82,312.42,0
4644,West,Gadget,30,3,13.95,31.96,0
4645,South,Doohickey,27,3,19.63,54.17,0
4646,North,Doohickey,22,3,11.28,38.27,1
4647,South,Widget,41,8,35.14,286.05,0
4648,South,Gizmo,28,4,13.69,44.52,0
4649,East,Widget,29,3,17.92,56.94,0
4650,South,Gadget,30,4,13.97,51.32,0
4651,South,Gadget,30,1,14.73,22.39,1
4652,West,Widget,41,5,43.21,223.75,0
4653,West,Widget,26,2,12.28,19.84,0
4654,North,Gizmo,32,3,10.54,42.37,1
4655,North,Widget,26,3,16.91,63.25,1
4656,West,Widget,26,5,13.14,59.34,0
4657,North,Doohickey,22,5,15.78,78.68,0
4658,West,Gizmo,49,10,34.88,363.27,0
4659,West,Widget,29,3,19.73,64.11,1
4660,West,Doohickey,20,2,17.69,18.68,0
4661,South,Gizmo,50,6,24.04,143.56,0
4662,South,Gizmo,49,9,44.02,385.81,0
4663,South,Gadget,31,3,11.83,34.01,0
4664,South,Gizmo,20,2,15.06,17.15,0
4665,South,Widget,28,3,12.4,42.5,0
4666,West,Doohickey,48,7,33.39,244.26,0
4667,West,Gadget,29,2,13.28,16.59,0
4668,South,Gizmo,26,3,16.61,37.02,0
4669,East,Doohickey,41,11,38.79,432.69,0
4670,South,Doohickey,32,5,15.31,67.18,0
4671,North,Gadget,28,4,19.25,76.56,1
4672,South,Doohickey,45,8,38.9,311.21,0
4673,North,Gadget,33,3,16.23,50.19,0
4674,North,Doohickey,41,7,34.04,235.83,1
4675,South,Gadget,37,9,30.28,269.47,0
4676,West,Gizmo,20,2,14.72,20.16,1
4677,West,Gadget,50,9,40.41,353.21,0
4678,North,Doohickey,53,12,44.04,526.69,0
4679,North,Gizmo,49,10,39.8,389.96,0
4680,South,Doohickey,27,3,13.2,34.38,0
4681,North,Doohickey,26,4,14.33,40.62,1
4682,South,Gizmo,26,3,,52.44,1
4683,South,Doohickey,37,11,20.56,1326.66,0
4684,South,Gizmo,29,5,12.7,72.61,0
4685,South,Gadget,51,8,28.72,217.07,0
4686,East,Widget,54,10,23.45,230.66,0
4687,West,Doohickey,51,9,40.17,361.83,0
4688,West,Widget,27,3,21.21,69.49,1
4689,East,Widget,30,4,10.49,47.83,0
4690,South,Gizmo,47,9,26.91,1398.96,1
4691,East,Gadget,34,4,19.87,74.59,1
4692,West,Widget,30,4,11.82,50.33,0
4693,South,Doohickey,47,8,35.76,1720.08,0
4694,North,Gizmo,45,10,38.83,379.73,0
4695,North,Gadget,40,15,36.01,530.74,0
4696,South,Gizmo,52,9,30.21,276.48,0
4697,West,Doohickey,26,1,14.68,16.71,0
4698,South,Gadget,28,2,10.81,25.1,1
4699,North,Doohickey,29,3,14.9,39.64,1
4700,South,Gizmo,31,4,14.3,59.79,1
4701,South,Widget,39,8,25.43,196.04,0
4702,East,Doohickey,26,2,19.69,42.76,1
4703,West,Widget,52,12,38.37,454.58,0
4704,North,Doohickey,42,6,41.53,242.77,0
4705,North,Gadget,55,9,42.62,383.69,0
4706,East,Gadget,40,4,16.07,64.23,1
4707,South,Doohickey,26,2,19.46,49.72,1
4708,East,Doohickey,57,7,38.44,261.52,0
4709,South,Doohickey,38,9,29.15,244.6,0
4710,South,Doohickey,32,4,13.7,59.23,1
4711,North,Widget,33,4,15.64,54.24,1
4712,North,Widget,54,10,28.33,286.84,1
4713,North,Gadget,39,7,37.96,287.72,0
4714,South,Doohickey,30,2,,19.13,1
4715,West,Widget,25,3,14.13,32.25,0
4716,East,Doohickey,54,10,41.82,427.84,0
4717,North,Widget,46,9,38.73,342.79,1
4718,East,Doohickey,49,8,30.58,1452.72,0
4719,West,Widget,31,3,21.15,58.45,1
4720,South,Widget,20,1,17.94,14.57,0
4721,West,Gadget,42,9,36.04,316.19,0
4722,North,Doohickey,55,8,28.3,234.9,0
4723,South,Gizmo,49,8,40.98,321.63,0
4724,South,Gadget,28,5,16.03,82.79,1
4725,West,Doohickey,35,4,13.83,53.74,1
4726,South,Doohickey,34,4,12.85,54.11,1
4727,South,Widget,25,2,13.79,28.78,1
4728,North,Doohickey,52,9,35.47,320.39,0
4729,East,Gizmo,35,4,11.82,30.95,0
4730,South,Widget,54,10,26.34,272.4,0
4731,South,Gizmo,51,6,37.63,240.26,0
4732,North,Doohickey,56,8,39.94,321.08,1
4733,South,Widget,44,6,45.55,272.56,0
4734,West,Doohickey,26,2,16.66,15.04,0
4735,North,Gadget,38,9,38.64,340.87,0
4736,West,Gizmo,30,3,11.5,27.09,0
4737,North,Widget,26,2,11.91,28.41,0
4738,North,Widget,24,5,12.87,63.72,1
4739,West,Doohickey,25,3,9.05,26.59,0
4740,North,Gizmo,52,7,26.68,188.08,0
4741,South,Widget,32,2,9.27,20.62,0
4742,East,Widget,25,2,11.47,22.56,0
4743,North,Widget,32,3,14.75,46.91,1
4744,North,Gadget,29,3,16.28,44.48,1
4745,East,Widget,56,11,25.73,281.86,1
4746,East,Gadget,32,2,16.09,31.15,0
4747,West,Widget,45,8,30.78,238.91,0
4748,North,Gizmo,22,3,17.56,46.88,0
4749,North,Doohickey,46,12,32.43,395.26,0
4750,North,Doohickey,27,3,13.16,43.08,1
4751,North,Gadget,29,6,11.74,78.71,1
4752,East,Gadget,33,3,18.1,45.04,1
4753,South,Widget,56,11,40.83,454.73,0
4754,North,Gizmo,42,10,31.16,307.43,0
4755,East,Gizmo,25,2,8.54,21.52,1
4756,East,Gizmo,41,9,,294.26,0
4757,South,Doohickey,45,8,39.39,308.65,0
4758,North,Gizmo,25,3,19.9,53.25,1
4759,South,Doohickey,33,3,14.23,40.08,1
4760,West,Gadget,40,8,34.96,277.4,0
4761,North,Widget,54,9,35.67,320.57,0
4762,West,Gizmo,37,8,46.96,373.35,0
4763,East,Gizmo,27,1,,4.95,0
4764,West,Widget,32,2,17.43,38.62,1
4765,South,Doohickey,37,2,15.39,34.06,0
4766,North,Gizmo,28,2,15.08,29.41,1
4767,West,Gadget,58,9,40.11,371.5,0
4768,North,Widget,38,3,23.45,83.94,1
4769,West,Doohickey,30,3,14.97,38.23,1
4770,South,Doohickey,28,2,15.41,31.3,0
4771,North,Gizmo,32,3,14.8,32.36,1
4772,West,Gadget,48,7,31.09,207.54,0
4773,South,Widget,28,4,13.59,70.45,1
4774,North,Gadget,48,6,31.57,185.31,0
4775,South,Widget,35,3,13.21,40.42,0
4776,West,Doohickey,27,3,8.72,43.46,1
4777,East,Gadget,33,1,11.35,-5.34,0
4778,North,Gadget,55,8,36.68,306.32,0
4779,West,Widget,35,4,14.24,46.8,0
4780,East,Widget,25,4,17.61,65.98,0
4781,West,Gizmo,53,12,30.52,372.07,0
4782,West,Gizmo,42,9,32.07,292.0,1
4783,West,Gadget,23,4,12.91,53.28,1
4784,West,Doohickey,50,8,25.92,207.42,1
4785,East,Gizmo,62,6,57.24,346.97,0
4786,West,Gizmo,21,4,15.17,54.4,1
4787,West,Doohickey,45,12,29.46,356.7,0
4788,North,Widget,33,4,18.26,75.22,1
4789,West,Gizmo,28,2,10.42,15.5,1
4790,East,Widget,58,11,37.06,405.63,0
4791,East,Gizmo,27,3,14.46,40.38,0
4792,East,Gadget,44,8,35.62,295.61,1
4793,South,Gadget,47,11,35.68,381.33,0
4794,West,Gizmo,27,2,20.2,38.09,1
4795,South,Gizmo,26,4,16.0,66.73,1
4796,East,Gadget,30,4,14.81,53.41,0
4797,North,Doohickey,58,9,37.16,343.98,1
4798,West,Gadget,29,2,15.36,44.92,0
4799,South,Doohickey,33,2,14.45,26.11,0
4800,East,Gizmo,65,9,27.98,237.25,1
4801,East,Gizmo,44,9,21.96,190.0,0
4802,North,Doohickey,47,9,40.56,370.12,0
4803,East,Gizmo,26,4,19.25,94.7,0
4804,North,Doohickey,50,12,30.74,377.47,0
4805,West,Gizmo,44,9,41.64,373.18,0
4806,East,Widget,55,10,30.22,301.51,0
4807,North,Widget,30,4,15.91,72.96,1
4808,West,Doohickey,49,10,29.84,292.33,0
4809,West,Gizmo,29,3,10.74,25.58,0
4810,West,Doohickey,47,11,38.06,422.05,0
4811,South,Gizmo,31,3,14.78,42.28,0
4812,South,Gadget,26,4,13.67,50.71,0
4813,East,Doohickey,45,9,38.24,350.49,0
4814,North,Widget,43,10,42.65,416.69,0
4815,East,Gadget,53,9,30.27,272.28,0
4816,South,Widget,28,3,16.74,61.75,0
4817,North,Widget,53,10,40.42,408.74,0
4818,South,Doohickey,30,2,15.6,23.33,0
4819,South,Doohickey,48,12,22.88,272.55,0
4820,West,Gizmo,53,12,35.68,434.37,0
4821,South,Widget,44,6,34.07,198.81,0
4822,East,Doohickey,59,8,32.26,250.55,0
4823,North,Gadget,58,14,32.97,455.7,0
4824,South,Gadget,47,10,27.57,271.65,0
4825,East,Doohickey,27,2,18.74,28.52,1
4826,East,Widget,32,3,16.24,44.33,0
4827,South,Gadget,23,3,10.56,44.24,1
4828,West,Gizmo,55,4,35.38,126.77,0
4829,North,Gizmo,43,10,30.3,300.61,0
4830,South,Doohickey,26,4,14.94,35.54,1
4831,East,Doohickey,32,4,19.25,70.9,0
4832,North,Gadget,25,4,18.34,64.98,1
4833,East,Gadget,37,2,13.69,43.52,0
4834,South,Doohickey,27,5,20.45,103.58,0
4835,West,Gadget,56,8,26.25,210.89,0
4836,West,Gizmo,52,7,35.98,239.75,0
4837,West,Doohickey,29,1,13.42,21.92,1
4838,East,Doohickey,33,2,15.7,35.27,0
4839,West,Gizmo,48,8,35.6,290.53,0
4840,South,Gadget,40,8,36.43,306.41,1
4841,West,Gadget,41,9,35.34,308.71,0
4842,South,Gizmo,32,3,10.92,36.29,1
4843,North,Doohickey,31,3,14.46,21.35,0
4844,North,Gadget,31,1,13.98,7.15,1
4845,West,Widget,51,12,39.36,471.69,1
4846,East,Gadget,39,7,35.11,258.56,0
4847,West,Gizmo,58,11,39.99,449.05,0
4848,South,Gadget,34,3,13.56,39.64,1
4849,East,Widget,25,3,11.82,35.29,1
4850,North,Gadget,44,4,33.23,140.76,0
4851,South,Doohickey,45,8,35.01,281.7,1
4852,North,Doohickey,50,9,43.82,399.33,1
4853,West,Widget,24,3,16.43,57.92,1
4854,North,Doohickey,20,4,19.28,67.28,1
4855,East,Gadget,24,4,21.93,97.79,0
4856,North,Widget,47,12,39.69,481.99,0
4857,North,Widget,54,11,37.37,397.41,0
4858,South,Gadget,61,7,35.12,261.55,0
4859,West,Gizmo,30,2,19.67,42.32,0
4860,South,Widget,43,10,38.01,373.45,0
4861,North,Gadget,26,4,,67.41,1
4862,East,Doohickey,36,12,44.18,531.76,0
4863,North,Doohickey,52,5,35.54,191.2,0
4864,East,Gizmo,38,6,30.04,182.19,0
4865,North,Gadget,52,10,27.49,271.15,0
4866,South,Gizmo,48,4,32.27,125.91,0
4867,East,Widget,23,2,13.71,27.44,0
4868,East,Widget,29,4,16.72,61.85,0
4869,East,Widget,56,8,33.14,262.66,1
4870,South,Widget,51,11,42.78,477.48,1
4871,South,Gizmo,31,2,13.12,33.04,0
4872,West,Widget,46,14,29.16,418.47,0
4873,North,Gadget,32,4,17.99,66.18,0
4874,South,Doohickey,40,11,46.94,513.62,0
4875,North,Gizmo,32,3,9.73,32.89,1
4876,South,Widget,49,9,38.39,338.71,1
4877,North,Widget,32,2,13.48,17.71,0
4878,North,Doohickey,30,3,15.31,49.91,0
4879,North,Gadget,44,6,39.1,238.24,0
4880,West,Widget,49,9,30.92,290.78,0
4881,West,Doohickey,27,2,12.91,19.99,1
4882,East,Widget,51,12,39.19,465.18,1
4883,West,Doohickey,29,3,10.03,21.27,0
4884,West,Gadget,25,3,13.64,40.01,1
4885,North,Doohickey,36,3,22.27,59.44,1
4886,West,Gizmo,28,3,18.26,68.5,0
4887,East,Widget,45,9,35.82,323.68,0
4888,East,Gizmo,45,7,35.35,230.82,0
4889,North,Doohickey,24,3,17.42,47.83,0
4890,West,Gizmo,27,2,11.22,17.94,0
4891,East,Gadget,53,7,40.34,281.65,0
4892,North,Doohickey,58,8,43.5,337.8,1
4893,East,Gadget,35,3,14.71,52.95,0
4894,East,Gizmo,27,2,15.62,37.22,1
4895,West,Gadget,28,1,15.15,22.36,0
4896,West,Gadget,31,3,13.2,46.02,1
4897,West,Gizmo,54,10,33.39,312.17,0
4898,West,Gadget,44,9,29.7,268.04,0
4899,South,Gizmo,49,8,38.27,303.36,0
4900,North,Gadget,56,10,30.49,292.83,0
4901,South,Gadget,28,4,11.22,41.89,1
4902,East,Gizmo,53,7,21.02,137.87,0
4903,East,Gizmo,47,8,37.13,293.91,0
4904,South,Gadget,46,10,30.29,293.33,0
4905,South,Doohickey,29,3,13.75,40.05,0
4906,South,Gizmo,46,9,37.22,342.77,0
4907,East,Gadget,26,3,14.85,47.05,0
4908,South,Gadget,51,10,25.87,242.73,0
4909,West,Gizmo,49,7,31.76,231.76,0
4910,East,Gizmo,49,11,25.71,286.48,0
4911,East,Gadget,54,11,43.04,480.45,1
4912,West,Gizmo,34,12,34.93,425.64,0
4913,South,Doohickey,26,2,15.86,33.09,1
4914,East,Doohickey,41,8,25.93,208.25,0
4915,East,Gadget,40,12,42.1,496.76,0
4916,East,Doohickey,27,3,11.62,31.73,1
4917,North,Doohickey,36,3,14.99,47.16,1
4918,North,Gizmo,30,3,13.07,45.27,0
4919,East,Doohickey,51,7,41.99,304.01,0
4920,North,Gadget,43,6,26.17,153.04,1
4921,West,Gizmo,47,13,44.01,547.76,0
4922,East,Doohickey,57,9,24.1,232.88,0
4923,West,Gizmo,58,11,32.54,366.31,0
4924,South,Gizmo,46,12,36.02,443.05,0
4925,West,Doohickey,23,4,12.35,52.35,1
4926,East,Gizmo,29,5,16.55,86.02,0
4927,West,Gadget,25,3,13.43,33.04,1
4928,North,Widget,62,10,44.68,451.62,0
4929,East,Gadget,29,4,19.22,67.82,1
4930,East,Gizmo,33,3,15.95,38.44,0
4931,East,Doohickey,31,2,12.18,14.55,0
4932,North,Doohickey,47,11,38.94,426.02,0
4933,East,Doohickey,44,8,36.46,307.32,0
4934,North,Doohickey,63,12,24.82,312.48,0
4935,East,Widget,26,2,11.02,32.56,0
4936,West,Gizmo,54,6,38.96,241.52,1
4937,South,Doohickey,47,7,36.09,252.03,0
4938,West,Widget,48,9,35.94,316.06,0
4939,West,Gizmo,30,3,14.5,40.82,1
4940,East,Gizmo,32,4,17.99,64.75,1
4941,North,Doohickey,46,9,30.77,275.7,0
4942,East,Gadget,25,4,12.13,53.73,1
4943,North,Gizmo,43,7,30.32,206.54,0
4944,West,Doohickey,62,7,23.24,160.0,0
4945,North,Gizmo,31,3,16.85,38.63,0
4946,West,Doohickey,50,7,29.42,214.59,0
4947,West,Gadget,28,3,11.81,29.53,0
4948,West,Gadget,47,11,42.35,466.52,0
4949,South,Widget,27,2,16.36,29.94,1
4950,North,Doohickey,19,2,20.8,47.96,0
4951,West,Gizmo,34,4,12.81,58.76,0
4952,North,Widget,33,2,10.66,14.1,1
4953,South,Gadget,37,8,30.23,233.62,0
4954,North,Widget,32,3,16.35,58.74,0
4955,West,Gadget,28,4,17.41,80.7,0
4956,North,Gadget,27,5,18.32,93.33,0
4957,South,Doohickey,30,5,18.59,100.97,0
4958,West,Widget,21,2,18.15,28.77,1
4959,East,Gadget,49,8,41.11,335.71,0
4960,East,Widget,60,10,20.44,203.57,0
4961,East,Gizmo,28,3,15.84,58.3,1
4962,North,Gizmo,48,8,38.17,294.76,0
4963,North,Gadget,42,11,27.58,302.89,0
4964,North,Gadget,32,2,9.98,20.21,0
4965,East,Widget,51,13,29.34,386.41,0
4966,North,Gizmo,27,1,13.42,16.3,0
4967,East,Gadget,39,2,17.23,30.26,0
4968,North,Doohickey,24,3,,54.87,1
4969,East,Doohickey,31,4,18.35,82.81,1
4970,South,Gizmo,41,12,33.11,390.35,1
4971,North,Gadget,53,10,38.52,395.11,1
4972,North,Gadget,30,4,14.37,57.69,0
4973,West,Gizmo,41,7,40.15,278.0,0
4974,West,Gadget,49,10,28.1,278.28,1
4975,West,Gadget,49,9,32.79,294.67,0
4976,West,Widget,47,7,44.54,311.63,0
4977,East,Widget,58,9,37.4,331.4,1
4978,South,Gizmo,32,4,16.44,59.39,0
4979,South,Gizmo,54,9,41.32,367.28,0
4980,North,Doohickey,51,10,36.17,359.95,0
4981,North,Doohickey,56,7,20.43,155.41,0
4982,South,Gizmo,49,11,31.97,340.7,0
4983,East,Gadget,23,3,15.74,36.7,1
4984,South,Doohickey,18,3,14.71,32.75,0
4985,West,Doohickey,33,3,18.17,47.73,0
4986,West,Gizmo,28,3,16.26,56.08,1
4987,East,Gadget,39,12,39.01,472.16,0
4988,West,Widget,44,7,42.63,299.85,0
4989,North,Doohickey,46,10,36.31,350.56,0
4990,North,Gadget,40,8,40.01,315.76,0
4991,West,Doohickey,46,9,40.6,349.41,1
4992,North,Widget,49,8,24.27,192.36,0
4993,South,Gizmo,54,9,42.07,383.17,0
4994,West,Gizmo,45,12,31.52,382.99,0
4995,East,Widget,49,6,33.93,204.68,0
4996,East,Gizmo,28,5,13.94,71.42,0
4997,South,Widget,41,9,26.84,242.41,0
4998,West,Widget,37,7,35.47,253.76,0
4999,North,Gadget,54,8,31.34,241.82,1
5000,South,Gizmo,26,2,14.81,23.93,0
